ReviewID,RecordKey,SourceSheet,SourceRowNumber,RecordID,AssetName,WorkType,RequestLetterNo,FailureDescriptionRaw,OperationDescriptionRaw,RelatedMachineCode,MachineName,PartName,PartCode,WorkDate,WorkedHours,ProcessStatus,RepairDeliveryOrProductionStartDate,MoldDeliveryToProductionDate,ApprovalFormStatus,ReviewReason,MoldCodeReviewStatus,AssignedMoldCode,ReviewerNote,HistoricalClassification,HistoricalCandidateMoldCodes,ProposedReviewAction
MMCR-1405-0001,1405-فروردین-38,فروردین,39,38,قالب پراید خاردار,قالب تعمیری,,اصلاح کفی قالب,کفتراشی,,7101,bottom plate,2,1405/01/08,6.5,,,,,Repair mold record with blank MoldCode; automatic MoldCode assignment prohibited,OPEN,,,AMBIGUOUS_HISTORICAL_NAME,21355 | ML21355-01S,NEEDS_MOLD_MASTER
MMCR-1405-0002,1405-فروردین-44,فروردین,45,44,قالب پراید خاردار,قالب تعمیری,,اصلاح کفی قالب,سنگ زنی,,7502,bottom plate,2,1405/01/15,8,,,,,Repair mold record with blank MoldCode; automatic MoldCode assignment prohibited,OPEN,,,AMBIGUOUS_HISTORICAL_NAME,21355 | ML21355-01S,NEEDS_MOLD_MASTER
MMCR-1405-0003,1405-فروردین-133,فروردین,134,133,قالب شیم ریو,قالب تعمیری,,سنگ زنی سنبه و ماتریس,سنگ زنی,,7502,mandrel,4,1405/01/19,0.5,,,,,Repair mold record with blank MoldCode; automatic MoldCode assignment prohibited,OPEN,,,NO_HISTORICAL_MATCH,,MANUAL_REVIEW
MMCR-1405-0004,1405-فروردین-134,فروردین,135,134,قالب شیم ریو,قالب تعمیری,,سنگ زنی سنبه و ماتریس,سنگ زنی,,7502,Matrix,1,1405/01/19,0.5,,,,,Repair mold record with blank MoldCode; automatic MoldCode assignment prohibited,OPEN,,,NO_HISTORICAL_MATCH,,MANUAL_REVIEW
MMCR-1405-0005,1405-فروردین-144,فروردین,145,144,قالب شیم ریو,قالب تعمیری,,سنگ زنی سنبه و ماتریس,باز کردن قالب,,دمونتاژ,mold,,1405/01/19,2,,,,,Repair mold record with blank MoldCode; automatic MoldCode assignment prohibited,OPEN,,,NO_HISTORICAL_MATCH,,MANUAL_REVIEW
MMCR-1405-0006,1405-فروردین-162,فروردین,163,162,قالب برش SAF,قالب تعمیری,893,سنگ زنی,سنگ زنی,,7502,mandrel,4,1405/01/20,1,,,,,Repair mold record with blank MoldCode; automatic MoldCode assignment prohibited,OPEN,,,NO_HISTORICAL_MATCH,,MANUAL_REVIEW
MMCR-1405-0007,1405-فروردین-184,فروردین,185,184,قالب آرایش کوبه و نک SAF,قالب تعمیری,894,سنگ زنی بعلت بریدگی,سنگ زنی,,7502,mold,,1405/01/22,2,,,,,Repair mold record with blank MoldCode; automatic MoldCode assignment prohibited,OPEN,,,NO_HISTORICAL_MATCH,,MANUAL_REVIEW
MMCR-1405-0008,1405-فروردین-185,فروردین,186,185,قالب آرایش جافنری ویچای,قالب تعمیری,895,سنگ زنی قالب,سنگ زنی,,7502,mold,,1405/01/22,2,,,,,Repair mold record with blank MoldCode; automatic MoldCode assignment prohibited,OPEN,,,NO_HISTORICAL_MATCH,,MANUAL_REVIEW
MMCR-1405-0009,1405-فروردین-191,فروردین,192,191,قالب برشی پیلسان,قالب تعمیری,,,مته مرغک ، مته 8.5,,7202,سنبه کوبه,,1405/01/22,2.5,,,,,Repair mold record with blank MoldCode; automatic MoldCode assignment prohibited,OPEN,,,NO_HISTORICAL_MATCH,,MANUAL_REVIEW
MMCR-1405-0010,1405-فروردین-227,فروردین,228,227,قالب شیم ریو,قالب تعمیری,,سنگ زنی سنبه و ماتریس,باز و بستن قالب,,مونتاژ,mold,,1405/01/24,2,,,,,Repair mold record with blank MoldCode; automatic MoldCode assignment prohibited,OPEN,,,NO_HISTORICAL_MATCH,,MANUAL_REVIEW
MMCR-1405-0011,1405-فروردین-239,فروردین,240,239,قالب شیم ریو,قالب تعمیری,,سنگ زنی سنبه و ماتریس,سنگ زنی,,7502,mold,,1405/01/24,3.5,,,,,Repair mold record with blank MoldCode; automatic MoldCode assignment prohibited,OPEN,,,NO_HISTORICAL_MATCH,,MANUAL_REVIEW
MMCR-1405-0012,1405-فروردین-240,فروردین,241,240,قالب شیم پژو 405,قالب تعمیری,,خرابی سنبه قالب,سنگ زنی,,7502,mold,,1405/01/24,3.5,,,,,Repair mold record with blank MoldCode; automatic MoldCode assignment prohibited,OPEN,,,NO_HISTORICAL_MATCH,,MANUAL_REVIEW
MMCR-1405-0013,1405-فروردین-237,فروردین,238,237,قالب کوبه نک پیلسان,قالب تعمیری,,ساخت سنبه کوبه پیلسان,مته مرغک ، مته 8..5 ، فرز 12 ، 8 ، 6,,7202,Mandrel,,1405/01/25,4,,,,,Repair mold record with blank MoldCode; automatic MoldCode assignment prohibited,OPEN,,,NO_HISTORICAL_MATCH,,MANUAL_REVIEW
MMCR-1405-0014,1405-فروردین-246,فروردین,247,246,قالب خشاب زنی,قطعه تعمیری,,اصلاح جا فنر,تراشکاری,,7301,فلانچ,,1405/01/26,5,,,,,Repair mold record with blank MoldCode; automatic MoldCode assignment prohibited,OPEN,,,NOT_MOLD_REPAIR_WORKTYPE,,SEPARATE_FROM_MOLD_REPAIR
MMCR-1405-0015,1405-فروردین-248,فروردین,249,248,قالب کوبه نک پیلسان,قالب تعمیری,,ساخت سنبه کوبه پیلسان,مته مرغک ، مته 8..5 ، فرز 12 ، 8 ، 6,,7202,Mandrel,,1405/01/26,7.5,,,,,Repair mold record with blank MoldCode; automatic MoldCode assignment prohibited,OPEN,,,NO_HISTORICAL_MATCH,,MANUAL_REVIEW
MMCR-1405-0016,1405-فروردین-251,فروردین,252,251,قالب آرایش SAF,قالب تعمیری,894,سنگ زنی بعلت بریدگی,سنگ زنی,,7502,Mandrel,,1405/01/26,1,,,,,Repair mold record with blank MoldCode; automatic MoldCode assignment prohibited,OPEN,,,NO_HISTORICAL_MATCH,,MANUAL_REVIEW
MMCR-1405-0017,1405-فروردین-252,فروردین,253,252,قالب کوبه نک SAF,قالب تعمیری,894,سنگ زنی بعلت بریدگی,سنگ زنی,,7502,Mandrel,,1405/01/26,1,,,,,Repair mold record with blank MoldCode; automatic MoldCode assignment prohibited,OPEN,,,HISTORICAL_UNIQUE_NAME,1,VERIFY_HISTORY_THEN_ASSIGN
MMCR-1405-0018,1405-فروردین-255,فروردین,256,255,قالب خشاب زنی,قطعه تعمیری,,اصلاح جا فنر,تراشکاری,,7302,فلانچ,,1405/01/26,3.5,,,,,Repair mold record with blank MoldCode; automatic MoldCode assignment prohibited,OPEN,,,NOT_MOLD_REPAIR_WORKTYPE,,SEPARATE_FROM_MOLD_REPAIR
MMCR-1405-0019,1405-فروردین-276,فروردین,277,276,قالب خشاب زنی,قطعه تعمیری,,اصلاح جا فنر,تراشکاری,,7301,فلانچ,,1405/01/27,2.5,,,,,Repair mold record with blank MoldCode; automatic MoldCode assignment prohibited,OPEN,,,NOT_MOLD_REPAIR_WORKTYPE,,SEPARATE_FROM_MOLD_REPAIR
MMCR-1405-0020,1405-فروردین-283,فروردین,284,283,قالب خشاب زنی,قطعه تعمیری,,اصلاح جا فنر,تراشکاری,,7301,فلانچ,,1405/01/29,1,,,,,Repair mold record with blank MoldCode; automatic MoldCode assignment prohibited,OPEN,,,NOT_MOLD_REPAIR_WORKTYPE,,SEPARATE_FROM_MOLD_REPAIR
MMCR-1405-0021,1405-فروردین-315,فروردین,316,315,قالب شیم ریو,قالب تعمیری,,سنگ زنی سنبه و ماتریس,باز کردن قالب,,دمونتاژ,mold,,1405/01/29,1,,,,,Repair mold record with blank MoldCode; automatic MoldCode assignment prohibited,OPEN,,,NO_HISTORICAL_MATCH,,MANUAL_REVIEW
MMCR-1405-0022,1405-فروردین-308,فروردین,309,308,قالب شیم پژو 405,قالب تعمیری,,خرابی سنبه قالب,سنگ زنی,,7502,mold,,1405/01/30,3.5,,,,,Repair mold record with blank MoldCode; automatic MoldCode assignment prohibited,OPEN,,,NO_HISTORICAL_MATCH,,MANUAL_REVIEW
MMCR-1405-0023,1405-فروردین-310,فروردین,311,310,قالب شیم ریو,قالب تعمیری,,سنگ زنی سنبه و ماتریس,بستن قالب,,مونتاژ,mold,,1405/01/30,2,,,,,Repair mold record with blank MoldCode; automatic MoldCode assignment prohibited,OPEN,,,NO_HISTORICAL_MATCH,,MANUAL_REVIEW
MMCR-1405-0024,1405-فروردین-353,فروردین,354,353,قالب شیم ریو,قالب تعمیری,,سنگ زنی سنبه و ماتریس,بستن,,مونتاژ,Mold,,1405/01/31,1,,,,,Repair mold record with blank MoldCode; automatic MoldCode assignment prohibited,OPEN,,,NO_HISTORICAL_MATCH,,MANUAL_REVIEW
MMCR-1405-0025,1405-فروردین-354,فروردین,355,354,قالب شیم پژو 405,قالب تعمیری,,خرابی سنبه قالب,بستن,,مونتاژ,Mold,,1405/01/31,1,,,,,Repair mold record with blank MoldCode; automatic MoldCode assignment prohibited,OPEN,,,NO_HISTORICAL_MATCH,,MANUAL_REVIEW
MMCR-1405-0026,1405-فروردین-358,فروردین,359,358,قالب شیم پژو 405,قالب تعمیری,,خرابی سنبه قالب,سنگ زنی,,7502,Mold,,1405/01/31,1,,,,,Repair mold record with blank MoldCode; automatic MoldCode assignment prohibited,OPEN,,,NO_HISTORICAL_MATCH,,MANUAL_REVIEW
MMCR-1405-0027,1405-فروردین-364,فروردین,365,364,قالب شیم پژو 405,قالب تعمیری,,خرابی سنبه قالب,بستن قالب,,مونتاژ,mold,,1405/01/31,1,,,,,Repair mold record with blank MoldCode; automatic MoldCode assignment prohibited,OPEN,,,NO_HISTORICAL_MATCH,,MANUAL_REVIEW
MMCR-1405-0028,1405-فروردین-365,فروردین,366,365,قالب شیم ریو,قالب تعمیری,,سنگ زنی سنبه و ماتریس,بستن,,مونتاژ,Mold,,1405/01/31,1,,,,,Repair mold record with blank MoldCode; automatic MoldCode assignment prohibited,OPEN,,,NO_HISTORICAL_MATCH,,MANUAL_REVIEW
MMCR-1405-0029,1405-اردیبهشت-3,اردیبهشت,4,3,قالب خشاب زنی,قطعه تعمیری,,اصلاح جا فنر,تراشکاری,,7301,فلانچ,,1405/02/01,4.733333333333333,,,,,Repair mold record with blank MoldCode; automatic MoldCode assignment prohibited,OPEN,,,NOT_MOLD_REPAIR_WORKTYPE,,SEPARATE_FROM_MOLD_REPAIR
MMCR-1405-0030,1405-اردیبهشت-25,اردیبهشت,26,25,قالب خشاب زنی,قطعه تعمیری,,اصلاح جا فنر,تراشکاری,,7301,فلانچ,,1405/02/02,5.5,,,,,Repair mold record with blank MoldCode; automatic MoldCode assignment prohibited,OPEN,,,NOT_MOLD_REPAIR_WORKTYPE,,SEPARATE_FROM_MOLD_REPAIR
MMCR-1405-0031,1405-اردیبهشت-28,اردیبهشت,29,28,قالب شیم پژو 405,قالب تعمیری,,خرابی سنبه قالب,سنگ زنی,,7502,mold,,1405/02/02,1,,,,,Repair mold record with blank MoldCode; automatic MoldCode assignment prohibited,OPEN,,,NO_HISTORICAL_MATCH,,MANUAL_REVIEW
MMCR-1405-0032,1405-اردیبهشت-36,اردیبهشت,37,36,قالب شیم پژو 405,قالب تعمیری,,خرابی سنبه قالب,بستن قالب,,مونتاژ,Mold,,1405/02/02,4,,,,,Repair mold record with blank MoldCode; automatic MoldCode assignment prohibited,OPEN,,,NO_HISTORICAL_MATCH,,MANUAL_REVIEW
MMCR-1405-0033,1405-اردیبهشت-63,اردیبهشت,64,63,قالب خشاب زنی,قطعه تعمیری,,اصلاح جا فنر,تراشکاری,,7301,فلانچ,,1405/02/03,2,,,,,Repair mold record with blank MoldCode; automatic MoldCode assignment prohibited,OPEN,,,NOT_MOLD_REPAIR_WORKTYPE,,SEPARATE_FROM_MOLD_REPAIR
MMCR-1405-0034,1405-اردیبهشت-68,اردیبهشت,69,68,قالب پخت کلاچ پیکان آرژانتینی,قالب تعمیری,,بستن قالب بدون پلاک,بستن قالب,,مونتاژ,mold,,1405/02/03,2,,,,,Repair mold record with blank MoldCode; automatic MoldCode assignment prohibited,OPEN,,,AMBIGUOUS_HISTORICAL_NAME,04S | MC30241-02S,NEEDS_MOLD_MASTER
MMCR-1405-0035,1405-اردیبهشت-72,اردیبهشت,73,72,قالب پخت کلاچ پیکان آرژانتینی,قالب تعمیری,,بستن قالب بدون پلاک,بستن قالب,,مونتاژ,mold,,1405/02/03,2,,,,,Repair mold record with blank MoldCode; automatic MoldCode assignment prohibited,OPEN,,,AMBIGUOUS_HISTORICAL_NAME,04S | MC30241-02S,NEEDS_MOLD_MASTER
MMCR-1405-0036,1405-اردیبهشت-90,اردیبهشت,91,90,قالب شیم پژو 405,قالب تعمیری,,خرابی سنبه قالب,سنگ زنی,,7502,mold,,1405/02/05,1,,,,,Repair mold record with blank MoldCode; automatic MoldCode assignment prohibited,OPEN,,,NO_HISTORICAL_MATCH,,MANUAL_REVIEW
MMCR-1405-0037,1405-اردیبهشت-106,اردیبهشت,107,106,قالب پخت کلاچ پیکان آرژانتینی,قالب تعمیری,,بستن قالب بدون پلاک,وایر,,7602,جا میل راهنما,,1405/02/05,8,,,,,Repair mold record with blank MoldCode; automatic MoldCode assignment prohibited,OPEN,,,AMBIGUOUS_HISTORICAL_NAME,04S | MC30241-02S,NEEDS_MOLD_MASTER
MMCR-1405-0038,1405-اردیبهشت-127,اردیبهشت,128,127,قالب پخت کلاچ پیکان آرژانتینی,قالب تعمیری,,بستن قالب بدون پلاک,بستن قالب,,مونتاژ,mold,,1405/02/06,2,,,,,Repair mold record with blank MoldCode; automatic MoldCode assignment prohibited,OPEN,,,AMBIGUOUS_HISTORICAL_NAME,04S | MC30241-02S,NEEDS_MOLD_MASTER
MMCR-1405-0039,1405-اردیبهشت-129,اردیبهشت,130,129,قالب شیم پژو 405,قالب تعمیری,,خرابی سنبه قالب,باز کردن قالب,,دمونتاژ,mold,,1405/02/06,1,,,,,Repair mold record with blank MoldCode; automatic MoldCode assignment prohibited,OPEN,,,NO_HISTORICAL_MATCH,,MANUAL_REVIEW
MMCR-1405-0040,1405-اردیبهشت-130,اردیبهشت,131,130,قالب پژو 405 دیسکی,قالب تعمیری,,قالب جدید ساخته شده امینی(عیب یابی),باز کردن قالب,,دمونتاژ,mold,,1405/02/06,2,,,,,Repair mold record with blank MoldCode; automatic MoldCode assignment prohibited,OPEN,,,NO_HISTORICAL_MATCH,,MANUAL_REVIEW
MMCR-1405-0041,1405-اردیبهشت-136,اردیبهشت,137,136,قالب پخت کلاچ پیکان آرژانتینی,قالب تعمیری,,بستن قالب بدون پلاک,بستن قالب,,مونتاژ,mold,,1405/02/06,2.5,,,,,Repair mold record with blank MoldCode; automatic MoldCode assignment prohibited,OPEN,,,AMBIGUOUS_HISTORICAL_NAME,04S | MC30241-02S,NEEDS_MOLD_MASTER
MMCR-1405-0042,1405-اردیبهشت-138,اردیبهشت,139,138,قالب پژو 405 دیسکی,قالب تعمیری,,قالب جدید ساخته شده امینی(عیب یابی),باز کردن قالب,,دمونتاژ,mold,,1405/02/06,2,,,,,Repair mold record with blank MoldCode; automatic MoldCode assignment prohibited,OPEN,,,NO_HISTORICAL_MATCH,,MANUAL_REVIEW
MMCR-1405-0043,1405-اردیبهشت-140,اردیبهشت,141,140,قالب پخت کلاچ پیکان آرژانتینی,قالب تعمیری,,بستن قالب بدون پلاک,سنگ زنی,,7502,Mandrel,4,1405/02/06,1,,,,,Repair mold record with blank MoldCode; automatic MoldCode assignment prohibited,OPEN,,,AMBIGUOUS_HISTORICAL_NAME,04S | MC30241-02S,NEEDS_MOLD_MASTER
MMCR-1405-0044,1405-اردیبهشت-143,اردیبهشت,144,143,قالب شیم پژو 405,قالب تعمیری,,ساخت قالب برش شیم پژو,سنگ زنی,,7502,mold,,1405/02/07,3,,,,,Repair mold record with blank MoldCode; automatic MoldCode assignment prohibited,OPEN,,,NO_HISTORICAL_MATCH,,MANUAL_REVIEW
MMCR-1405-0045,1405-اردیبهشت-167,اردیبهشت,168,167,قالب پخت کلاچ پیکان آرژانتینی,قالب تعمیری,,بستن قالب بدون پلاک,دورتراشی,,7302,پیچ,,1405/02/07,2,,,,,Repair mold record with blank MoldCode; automatic MoldCode assignment prohibited,OPEN,,,AMBIGUOUS_HISTORICAL_NAME,04S | MC30241-02S,NEEDS_MOLD_MASTER
MMCR-1405-0046,1405-اردیبهشت-170,اردیبهشت,171,170,قالب پژو 405 دیسکی,قالب تعمیری,,قالب جدید ساخته شده امینی(عیب یابی),باز کردن قالب,,دمونتاژ,mold,,1405/02/07,5,,,,,Repair mold record with blank MoldCode; automatic MoldCode assignment prohibited,OPEN,,,NO_HISTORICAL_MATCH,,MANUAL_REVIEW
MMCR-1405-0047,1405-اردیبهشت-171,اردیبهشت,172,171,قالب پژو 405 دیسکی,قالب تعمیری,,قالب جدید ساخته شده امینی(عیب یابی),سوراخکاری عبوری پیچ,,7401,top plate,3,1405/02/07,1,,,,,Repair mold record with blank MoldCode; automatic MoldCode assignment prohibited,OPEN,,,NO_HISTORICAL_MATCH,,MANUAL_REVIEW
MMCR-1405-0048,1405-اردیبهشت-172,اردیبهشت,173,172,قالب پخت کلاچ پیکان,قالب تعمیری,682,,بستن قالب,,مونتاژ,mold,,1405/02/07,1,,,,,Repair mold record with blank MoldCode; automatic MoldCode assignment prohibited,OPEN,,,AMBIGUOUS_HISTORICAL_NAME,01S | 03S | 04S | 05S | 06S | 07S | 08S | MC30241-02S | MC30241-05S | MC30241-08S,NEEDS_MOLD_MASTER
MMCR-1405-0049,1405-اردیبهشت-177,اردیبهشت,178,177,قالب عقب F12,قالب تعمیری,,ساخت Matrix جدید,کفتراشی,,7101,matrix,1,1405/02/08,11,,,,,Repair mold record with blank MoldCode; automatic MoldCode assignment prohibited,OPEN,,,NO_HISTORICAL_MATCH,,MANUAL_REVIEW
MMCR-1405-0050,1405-اردیبهشت-188,اردیبهشت,189,188,قالب پژو 405 دیسکی,قالب تعمیری,,قالب جدید ساخته شده امینی(عیب یابی),وایر,,7603,guide rod,5,1405/02/08,4,,,,,Repair mold record with blank MoldCode; automatic MoldCode assignment prohibited,OPEN,,,NO_HISTORICAL_MATCH,,MANUAL_REVIEW
MMCR-1405-0051,1405-اردیبهشت-190,اردیبهشت,191,190,قالب شیم پژو 405,قالب تعمیری,,ساخت قالب برش شیم پژو,سنگ زنی,,7502,mold,,1405/02/08,1,,,,,Repair mold record with blank MoldCode; automatic MoldCode assignment prohibited,OPEN,,,NO_HISTORICAL_MATCH,,MANUAL_REVIEW
MMCR-1405-0052,1405-اردیبهشت-193,اردیبهشت,194,193,قالب شیم پژو 405,قالب تعمیری,,سنگ زنی,باز کردن قالب,,دمونتاژ,mold,,1405/02/08,2,,,,,Repair mold record with blank MoldCode; automatic MoldCode assignment prohibited,OPEN,,,NO_HISTORICAL_MATCH,,MANUAL_REVIEW
MMCR-1405-0053,1405-اردیبهشت-203,اردیبهشت,204,203,قالب عقب F12,قالب تعمیری,,ساخت Matrix جدید,کفتراشی,,7101,matrix,1,1405/02/09,9,,,,,Repair mold record with blank MoldCode; automatic MoldCode assignment prohibited,OPEN,,,NO_HISTORICAL_MATCH,,MANUAL_REVIEW
MMCR-1405-0054,1405-اردیبهشت-204,اردیبهشت,205,204,قالب عقب F12,قالب تعمیری,,ساخت Matrix جدید,کفتراشی,,7101,top plate,,1405/02/09,2,,,,,Repair mold record with blank MoldCode; automatic MoldCode assignment prohibited,OPEN,,,NO_HISTORICAL_MATCH,,MANUAL_REVIEW
MMCR-1405-0055,1405-اردیبهشت-219,اردیبهشت,220,219,قالب پژو 405 دیسکی,قالب تعمیری,,قالب جدید ساخته شده امینی(عیب یابی),وایر,,7603,guide rod,5,1405/02/09,11,,,,,Repair mold record with blank MoldCode; automatic MoldCode assignment prohibited,OPEN,,,NO_HISTORICAL_MATCH,,MANUAL_REVIEW
MMCR-1405-0056,1405-اردیبهشت-222,اردیبهشت,223,222,قالب شیم پژو 405,قالب تعمیری,,سنگ زنی,باز کردن قالب,,دمونتاژ,mold,,1405/02/09,2,,,,,Repair mold record with blank MoldCode; automatic MoldCode assignment prohibited,OPEN,,,NO_HISTORICAL_MATCH,,MANUAL_REVIEW
MMCR-1405-0057,1405-اردیبهشت-226,اردیبهشت,227,226,قالب شیم ریو,قالب تعمیری,,سنگ زنی سنبه و ماتریس,کفتراشی,,7103,matrix,1,1405/02/09,2.75,,,,,Repair mold record with blank MoldCode; automatic MoldCode assignment prohibited,OPEN,,,NO_HISTORICAL_MATCH,,MANUAL_REVIEW
MMCR-1405-0058,1405-اردیبهشت-235,اردیبهشت,236,235,قالب عقب F12,قالب تعمیری,,ساخت Matrix جدید,کفتراشی,,7101,top plate,,1405/02/10,3.5,,,,,Repair mold record with blank MoldCode; automatic MoldCode assignment prohibited,OPEN,,,NO_HISTORICAL_MATCH,,MANUAL_REVIEW
MMCR-1405-0059,1405-اردیبهشت-243,اردیبهشت,244,243,قالب پژو 405 دیسکی,قالب تعمیری,,قالب جدید ساخته شده امینی(عیب یابی),سوراخکاری,,7401,top plate,3,1405/02/10,1,,,,,Repair mold record with blank MoldCode; automatic MoldCode assignment prohibited,OPEN,,,NO_HISTORICAL_MATCH,,MANUAL_REVIEW
MMCR-1405-0060,1405-اردیبهشت-244,اردیبهشت,245,244,قالب پژو 405 دیسکی,قالب تعمیری,,قالب جدید ساخته شده امینی(عیب یابی),بستن قالب,,مونتاژ,top plate,3,1405/02/10,1,,,,,Repair mold record with blank MoldCode; automatic MoldCode assignment prohibited,OPEN,,,NO_HISTORICAL_MATCH,,MANUAL_REVIEW
MMCR-1405-0061,1405-اردیبهشت-249,اردیبهشت,250,249,قالب پژو 405 دیسکی,قالب تعمیری,,قالب جدید ساخته شده امینی(عیب یابی),وایر,,7603,guide rod,5,1405/02/10,7,,,,,Repair mold record with blank MoldCode; automatic MoldCode assignment prohibited,OPEN,,,NO_HISTORICAL_MATCH,,MANUAL_REVIEW
MMCR-1405-0062,1405-اردیبهشت-251,اردیبهشت,252,251,قالب شیم پژو 405,قالب تعمیری,,سنگ زنی,باز کردن قالب,,دمونتاژ,mold,,1405/02/10,2,,,,,Repair mold record with blank MoldCode; automatic MoldCode assignment prohibited,OPEN,,,NO_HISTORICAL_MATCH,,MANUAL_REVIEW
MMCR-1405-0063,1405-اردیبهشت-256,اردیبهشت,257,256,قالب شیم پژو 405,قالب تعمیری,,سنگ زنی,سنگ زنی,,7502,mold,,1405/02/10,2,,,,,Repair mold record with blank MoldCode; automatic MoldCode assignment prohibited,OPEN,,,NO_HISTORICAL_MATCH,,MANUAL_REVIEW
MMCR-1405-0064,1405-اردیبهشت-264,اردیبهشت,265,264,قالب شیم پژو 405,قالب تعمیری,,سنگ زنی,سنگ زنی,,7502,mold,,1405/02/12,1,,,,,Repair mold record with blank MoldCode; automatic MoldCode assignment prohibited,OPEN,,,NO_HISTORICAL_MATCH,,MANUAL_REVIEW
MMCR-1405-0065,1405-اردیبهشت-265,اردیبهشت,266,265,قالب عقب F12,قالب تعمیری,,ساخت Matrix جدید,کفتراشی,,7101,top plate,,1405/02/12,4.5,,,,,Repair mold record with blank MoldCode; automatic MoldCode assignment prohibited,OPEN,,,NO_HISTORICAL_MATCH,,MANUAL_REVIEW
MMCR-1405-0066,1405-اردیبهشت-271,اردیبهشت,272,271,قالب پژو 405 دیسکی,قالب تعمیری,,قالب جدید ساخته شده امینی(عیب یابی),باز کردن قالب,,دمونتاژ,mold,1,1405/02/12,2,,,,,Repair mold record with blank MoldCode; automatic MoldCode assignment prohibited,OPEN,,,NO_HISTORICAL_MATCH,,MANUAL_REVIEW
MMCR-1405-0067,1405-اردیبهشت-278,اردیبهشت,279,278,قالب پژو 405 دیسکی,قالب تعمیری,,قالب جدید ساخته شده امینی(عیب یابی),بستن قالب,,مونتاژ,mold,1,1405/02/12,3,,,,,Repair mold record with blank MoldCode; automatic MoldCode assignment prohibited,OPEN,,,NO_HISTORICAL_MATCH,,MANUAL_REVIEW
MMCR-1405-0068,1405-اردیبهشت-289,اردیبهشت,290,289,قالب پژو 405 دیسکی,قالب تعمیری,,قالب جدید ساخته شده امینی(عیب یابی),وایر,,7603,mold,,1405/02/12,3,,,,,Repair mold record with blank MoldCode; automatic MoldCode assignment prohibited,OPEN,,,NO_HISTORICAL_MATCH,,MANUAL_REVIEW
MMCR-1405-0069,1405-اردیبهشت-291,اردیبهشت,292,291,قالب پژو 405 دیسکی,قالب تعمیری,,قالب جدید ساخته شده امینی(عیب یابی),وایر,,7603,پشت سنبه ای,,1405/02/12,4,,,,,Repair mold record with blank MoldCode; automatic MoldCode assignment prohibited,OPEN,,,NO_HISTORICAL_MATCH,,MANUAL_REVIEW
MMCR-1405-0070,1405-اردیبهشت-305,اردیبهشت,306,305,قالب جلو ریو,قالب تعمیری,,ساخت 4 عدد میل راهنما,تراشکاری,,7301,guide rod,5,1405/02/13,3.3333333333333335,,,,,Repair mold record with blank MoldCode; automatic MoldCode assignment prohibited,OPEN,,,AMBIGUOUS_HISTORICAL_NAME,ML23873-02S | ML23873-03S,NEEDS_MOLD_MASTER
MMCR-1405-0071,1405-اردیبهشت-313,اردیبهشت,314,313,قالب شیم ریو,قالب تعمیری,,ساخت سنبه جدید,سنگ زنی,,7502,Mandrel,,1405/02/13,1,,,,,Repair mold record with blank MoldCode; automatic MoldCode assignment prohibited,OPEN,,,NO_HISTORICAL_MATCH,,MANUAL_REVIEW
MMCR-1405-0072,1405-اردیبهشت-315,اردیبهشت,316,315,قالب شیم پژو 405,قالب تعمیری,,سنگ زنی,باز کردن,,دمونتاژ,mold,,1405/02/13,4,,,,,Repair mold record with blank MoldCode; automatic MoldCode assignment prohibited,OPEN,,,NO_HISTORICAL_MATCH,,MANUAL_REVIEW
MMCR-1405-0073,1405-اردیبهشت-316,اردیبهشت,317,316,قالب شیم پژو 405,قالب تعمیری,,سنگ زنی,بستن قالب,,مونتاژ,mold,,1405/02/13,2,,,,,Repair mold record with blank MoldCode; automatic MoldCode assignment prohibited,OPEN,,,NO_HISTORICAL_MATCH,,MANUAL_REVIEW
MMCR-1405-0074,1405-اردیبهشت-317,اردیبهشت,318,317,قالب جلو ریو,قالب تعمیری,,قالب جدید ساخته شده امینی(عیب یابی),بستن قالب,,مونتاژ,top plate,,1405/02/13,3,,,,,Repair mold record with blank MoldCode; automatic MoldCode assignment prohibited,OPEN,,,AMBIGUOUS_HISTORICAL_NAME,ML23873-02S | ML23873-03S,NEEDS_MOLD_MASTER
MMCR-1405-0075,1405-اردیبهشت-318,اردیبهشت,319,318,قالب جلو ریو,قالب تعمیری,,قالب جدید ساخته شده امینی(عیب یابی),بستن قالب,,مونتاژ,bottom plate,,1405/02/13,2,,,,,Repair mold record with blank MoldCode; automatic MoldCode assignment prohibited,OPEN,,,AMBIGUOUS_HISTORICAL_NAME,ML23873-02S | ML23873-03S,NEEDS_MOLD_MASTER
MMCR-1405-0076,1405-اردیبهشت-296,اردیبهشت,297,296,قالب جلو ریو,قالب تعمیری,,قالب جدید ساخته شده امینی(عیب یابی),وایر,,7603,mold,,1405/02/14,12,,,,,Repair mold record with blank MoldCode; automatic MoldCode assignment prohibited,OPEN,,,AMBIGUOUS_HISTORICAL_NAME,ML23873-02S | ML23873-03S,NEEDS_MOLD_MASTER
MMCR-1405-0077,1405-اردیبهشت-300,اردیبهشت,301,300,قالب جلو ریو,قالب تعمیری,,قالب جدید ساخته شده امینی(عیب یابی),وایر,,7603,mold,,1405/02/16,12,,,,,Repair mold record with blank MoldCode; automatic MoldCode assignment prohibited,OPEN,,,AMBIGUOUS_HISTORICAL_NAME,ML23873-02S | ML23873-03S,NEEDS_MOLD_MASTER
MMCR-1405-0078,1405-اردیبهشت-339,اردیبهشت,340,339,قالب عقب F12,قالب تعمیری,,ساخت Matrix جدید,کفتراشی,,7102,top plate,,1405/02/16,3.5,,,,,Repair mold record with blank MoldCode; automatic MoldCode assignment prohibited,OPEN,,,NO_HISTORICAL_MATCH,,MANUAL_REVIEW
MMCR-1405-0079,1405-اردیبهشت-364,اردیبهشت,365,364,قالب عقب F12,قالب تعمیری,,ساخت Matrix جدید,دورتراشی,,7102,top plate,,1405/02/16,3.25,,,,,Repair mold record with blank MoldCode; automatic MoldCode assignment prohibited,OPEN,,,NO_HISTORICAL_MATCH,,MANUAL_REVIEW
MMCR-1405-0080,1405-اردیبهشت-371,اردیبهشت,372,371,قالب پژو 405 دیسکی,قالب تعمیری,,قالب جدید ساخته شده امینی(عیب یابی),بستن قالب,,مونتاژ,top plate,3,1405/02/16,1,,,,,Repair mold record with blank MoldCode; automatic MoldCode assignment prohibited,OPEN,,,NO_HISTORICAL_MATCH,,MANUAL_REVIEW
MMCR-1405-0081,1405-اردیبهشت-391,اردیبهشت,392,391,قالب شیم پژو 405,قالب تعمیری,,ساخت سنبه جدید,سنگ زنی,,7502,Mandrel,4,1405/02/16,1,,,,,Repair mold record with blank MoldCode; automatic MoldCode assignment prohibited,OPEN,,,NO_HISTORICAL_MATCH,,MANUAL_REVIEW
MMCR-1405-0082,1405-اردیبهشت-388,اردیبهشت,389,388,قالب شیم پژو 405,قالب تعمیری,,سنگ زنی,باز کردن قالب,,دمونتاژ,mold,,1405/02/17,1,,,,,Repair mold record with blank MoldCode; automatic MoldCode assignment prohibited,OPEN,,,NO_HISTORICAL_MATCH,,MANUAL_REVIEW
MMCR-1405-0083,1405-اردیبهشت-403,اردیبهشت,404,403,قالب عقب F12,قالب تعمیری,,ساخت Matrix جدید,دورتراشی,,7102,top plate,,1405/02/17,7.5,,,,,Repair mold record with blank MoldCode; automatic MoldCode assignment prohibited,OPEN,,,NO_HISTORICAL_MATCH,,MANUAL_REVIEW
MMCR-1405-0084,1405-اردیبهشت-411,اردیبهشت,412,411,قالب عقب F12,قالب تعمیری,,ساخت Matrix جدید,دورتراشی,,7102,top plate,,1405/02/19,4,,,,,Repair mold record with blank MoldCode; automatic MoldCode assignment prohibited,OPEN,,,NO_HISTORICAL_MATCH,,MANUAL_REVIEW
MMCR-1405-0085,1405-اردیبهشت-414,اردیبهشت,415,414,قالب عقب F12,قالب تعمیری,,ساخت Matrix جدید,دورتراشی,,7102,bottom plate,,1405/02/19,4.5,,,,,Repair mold record with blank MoldCode; automatic MoldCode assignment prohibited,OPEN,,,NO_HISTORICAL_MATCH,,MANUAL_REVIEW
MMCR-1405-0086,1405-اردیبهشت-415,اردیبهشت,416,415,قالب شیم پژو 405,قالب تعمیری,,ساخت سنبه ، ماتریس جدید,کفتراشی,,7102,Matrix,1,1405/02/19,6.5,,,,,Repair mold record with blank MoldCode; automatic MoldCode assignment prohibited,OPEN,,,NO_HISTORICAL_MATCH,,MANUAL_REVIEW
MMCR-1405-0087,1405-اردیبهشت-445,اردیبهشت,446,445,قالب عقب F12,قالب تعمیری,,ساخت Matrix جدید,دورتراشی,,7103,top plate,,1405/02/20,6.333333333333333,,,,,Repair mold record with blank MoldCode; automatic MoldCode assignment prohibited,OPEN,,,NO_HISTORICAL_MATCH,,MANUAL_REVIEW
MMCR-1405-0088,1405-اردیبهشت-447,اردیبهشت,448,447,قالب شیم پژو 405,قالب تعمیری,,ساخت سنبه ، ماتریس جدید,دورتراشی,,7102,Matrix,1,1405/02/20,5.5,,,,,Repair mold record with blank MoldCode; automatic MoldCode assignment prohibited,OPEN,,,NO_HISTORICAL_MATCH,,MANUAL_REVIEW
MMCR-1405-0089,1405-اردیبهشت-448,اردیبهشت,449,448,قالب شیم ریو,قالب تعمیری,,ساخت سنبه ، ماتریس جدید,دورتراشی,,7102,matrix,1,1405/02/20,5.5,,,,,Repair mold record with blank MoldCode; automatic MoldCode assignment prohibited,OPEN,,,NO_HISTORICAL_MATCH,,MANUAL_REVIEW
MMCR-1405-0090,1405-اردیبهشت-469,اردیبهشت,470,469,قالب جلو ریو,قالب تعمیری,,قالب جدید ساخته شده امینی(عیب یابی),بستن قالب,,دمونتاژ,bottom plate,,1405/02/20,2,,,,,Repair mold record with blank MoldCode; automatic MoldCode assignment prohibited,OPEN,,,AMBIGUOUS_HISTORICAL_NAME,ML23873-02S | ML23873-03S,NEEDS_MOLD_MASTER
MMCR-1405-0091,1405-اردیبهشت-485,اردیبهشت,486,485,قالب عقب F12,قالب تعمیری,,ساخت Matrix جدید,فرز 20 ، 25,,7202,Mandrel,,1405/02/21,4.5,,,,,Repair mold record with blank MoldCode; automatic MoldCode assignment prohibited,OPEN,,,NO_HISTORICAL_MATCH,,MANUAL_REVIEW
MMCR-1405-0092,1405-اردیبهشت-490,اردیبهشت,491,490,قالب شیم ریو,قالب تعمیری,,ساخت سنبه ، ماتریس جدید,دورتراشی,,7102,matrix,1,1405/02/21,4.5,,,,,Repair mold record with blank MoldCode; automatic MoldCode assignment prohibited,OPEN,,,NO_HISTORICAL_MATCH,,MANUAL_REVIEW
MMCR-1405-0093,1405-اردیبهشت-502,اردیبهشت,503,502,قالب برشی SAF,قالب تعمیری,,سنگ زنی سنبه و ماتریس,سنگ زنی,,7502,Matrix,1,1405/02/21,1,,,,,Repair mold record with blank MoldCode; automatic MoldCode assignment prohibited,OPEN,,,HISTORICAL_UNIQUE_NAME,1,VERIFY_HISTORY_THEN_ASSIGN
MMCR-1405-0094,1405-اردیبهشت-503,اردیبهشت,504,503,قالب برشی SAF,قالب تعمیری,,سنگ زنی سنبه و ماتریس,سنگ زنی,,7502,Mandrel,2,1405/02/21,1,,,,,Repair mold record with blank MoldCode; automatic MoldCode assignment prohibited,OPEN,,,HISTORICAL_UNIQUE_NAME,1,VERIFY_HISTORY_THEN_ASSIGN
MMCR-1405-0095,1405-اردیبهشت-506,اردیبهشت,507,506,قالب برشی SAF,قالب تعمیری,,سنگ زنی سنبه و ماتریس,باز کردن قالب,,دمونتاژ,mold,,1405/02/21,2,,,,,Repair mold record with blank MoldCode; automatic MoldCode assignment prohibited,OPEN,,,HISTORICAL_UNIQUE_NAME,1,VERIFY_HISTORY_THEN_ASSIGN
MMCR-1405-0096,1405-اردیبهشت-507,اردیبهشت,508,507,قالب پژو 405 دیسکی,قالب تعمیری,,قالب جدید ساخته شده امینی(عیب یابی),گوه تراشی,,مونتاژ,mold,,1405/02/21,3,,,,,Repair mold record with blank MoldCode; automatic MoldCode assignment prohibited,OPEN,,,NO_HISTORICAL_MATCH,,MANUAL_REVIEW
MMCR-1405-0097,1405-اردیبهشت-513,اردیبهشت,514,513,قالب پژو 405 دیسکی,قالب تعمیری,,قالب جدید ساخته شده امینی(عیب یابی),وایر,,7603,میل راهنما,,1405/02/21,4,,,,,Repair mold record with blank MoldCode; automatic MoldCode assignment prohibited,OPEN,,,NO_HISTORICAL_MATCH,,MANUAL_REVIEW
MMCR-1405-0098,1405-اردیبهشت-526,اردیبهشت,527,526,صفحه قالب 50*50,قالب تعمیری,,سنگ زنی صفحه خام,سنگ زنی,,7502,bottom plate,2,1405/02/22,4,,,,,Repair mold record with blank MoldCode; automatic MoldCode assignment prohibited,OPEN,,,NO_HISTORICAL_MATCH,,MANUAL_REVIEW
MMCR-1405-0099,1405-اردیبهشت-535,اردیبهشت,536,535,قالب جلو ریو,قالب تعمیری,,ساخت پشت سنبه,وایر,,7603,پشت سنبه ای,,1405/02/22,12,,,,,Repair mold record with blank MoldCode; automatic MoldCode assignment prohibited,OPEN,,,AMBIGUOUS_HISTORICAL_NAME,ML23873-02S | ML23873-03S,NEEDS_MOLD_MASTER
MMCR-1405-0100,1405-اردیبهشت-556,اردیبهشت,557,556,صفحه قالب 50*50,قالب تعمیری,,سنگ زنی صفحه خام,سنگ زنی,,7502,bottom plate,2,1405/02/23,7,,,,,Repair mold record with blank MoldCode; automatic MoldCode assignment prohibited,OPEN,,,NO_HISTORICAL_MATCH,,MANUAL_REVIEW
MMCR-1405-0101,1405-اردیبهشت-558,اردیبهشت,559,558,قالب جلو ریو,قالب تعمیری,,ساخت پشت سنبه,سنگ زنی,,7502,پشت سنبه ای,,1405/02/23,1,,,,,Repair mold record with blank MoldCode; automatic MoldCode assignment prohibited,OPEN,,,AMBIGUOUS_HISTORICAL_NAME,ML23873-02S | ML23873-03S,NEEDS_MOLD_MASTER
MMCR-1405-0102,1405-اردیبهشت-565,اردیبهشت,566,565,قالب پژو 405 دیسکی,قالب تعمیری,,قالب جدید ساخته شده امینی(عیب یابی),وایر,,7603,پشت سنبه ای,,1405/02/23,8,,,,,Repair mold record with blank MoldCode; automatic MoldCode assignment prohibited,OPEN,,,NO_HISTORICAL_MATCH,,MANUAL_REVIEW
MMCR-1405-0103,1405-اردیبهشت-595,اردیبهشت,596,595,قالب جلو ریو,قالب تعمیری,,ساخت پشت سنبه,سنگ زنی,,7502,پشت سنبه ای,,1405/02/24,2,,,,,Repair mold record with blank MoldCode; automatic MoldCode assignment prohibited,OPEN,,,AMBIGUOUS_HISTORICAL_NAME,ML23873-02S | ML23873-03S,NEEDS_MOLD_MASTER
MMCR-1405-0104,1405-اردیبهشت-604,اردیبهشت,605,604,قالب پژو 405 دیسکی,قالب تعمیری,,قالب جدید ساخته شده امینی(عیب یابی),سوراخکاری,,7401,پشت سنبه ای,,1405/02/25,2,,,,,Repair mold record with blank MoldCode; automatic MoldCode assignment prohibited,OPEN,,,NO_HISTORICAL_MATCH,,MANUAL_REVIEW
MMCR-1405-0105,1405-اردیبهشت-613,اردیبهشت,614,613,قالب پژو 405 دیسکی,قالب تعمیری,,قالب جدید ساخته شده امینی(عیب یابی),بستن قالب,,مونتاژ,top plate,1,1405/02/25,2,,,,,Repair mold record with blank MoldCode; automatic MoldCode assignment prohibited,OPEN,,,NO_HISTORICAL_MATCH,,MANUAL_REVIEW
MMCR-1405-0106,1405-اردیبهشت-619,اردیبهشت,620,619,قالب پژو 405 دیسکی,قالب تعمیری,,قالب جدید ساخته شده امینی(عیب یابی),سنگ زنی,,7502,پشت سنبه ای,,1405/02/26,2,,,,,Repair mold record with blank MoldCode; automatic MoldCode assignment prohibited,OPEN,,,NO_HISTORICAL_MATCH,,MANUAL_REVIEW
MMCR-1405-0107,1405-اردیبهشت-634,اردیبهشت,635,634,قالب پژو 405 دیسکی,قالب تعمیری,,قالب جدید ساخته شده امینی(عیب یابی),برش پیچ,,مونتاژ,پیچ,,1405/02/26,1,,,,,Repair mold record with blank MoldCode; automatic MoldCode assignment prohibited,OPEN,,,NO_HISTORICAL_MATCH,,MANUAL_REVIEW
MMCR-1405-0108,1405-اردیبهشت-635,اردیبهشت,636,635,قالب پژو 405 دیسکی,قالب تعمیری,,قالب جدید ساخته شده امینی(عیب یابی),بستن قالب,,مونتاژ,mold,,1405/02/26,6,,,,,Repair mold record with blank MoldCode; automatic MoldCode assignment prohibited,OPEN,,,NO_HISTORICAL_MATCH,,MANUAL_REVIEW
MMCR-1405-0109,1405-اردیبهشت-654,اردیبهشت,655,654,قالب پژو 405 دیسکی,قالب تعمیری,,قالب جدید ساخته شده امینی(عیب یابی),بستن قالب,,مونتاژ,mold,,1405/02/26,2,OK,,,,Repair mold record with blank MoldCode; automatic MoldCode assignment prohibited,OPEN,,,NO_HISTORICAL_MATCH,,MANUAL_REVIEW
MMCR-1405-0110,1405-اردیبهشت-655,اردیبهشت,656,655,قالب پژو 405 دیسکی,قالب تعمیری,,قالب جدید ساخته شده امینی(عیب یابی),سوراخکاری,,7401,bottom plate,2,1405/02/26,1,,,,,Repair mold record with blank MoldCode; automatic MoldCode assignment prohibited,OPEN,,,NO_HISTORICAL_MATCH,,MANUAL_REVIEW
MMCR-1405-0111,1405-اردیبهشت-656,اردیبهشت,657,656,قالب پژو 405 دیسکی,قالب تعمیری,,قالب جدید ساخته شده امینی(عیب یابی),بستن قالب,,مونتاژ,mold,,1405/02/26,4,OK,,,,Repair mold record with blank MoldCode; automatic MoldCode assignment prohibited,OPEN,,,NO_HISTORICAL_MATCH,,MANUAL_REVIEW
MMCR-1405-0112,1405-اردیبهشت-671,اردیبهشت,672,671,صفحه قالب 50*50,قالب تعمیری,,سنگ زنی صفحه خام,سنگ زنی,,7502,bottom plate,2,1405/02/27,6,,,,,Repair mold record with blank MoldCode; automatic MoldCode assignment prohibited,OPEN,,,NO_HISTORICAL_MATCH,,MANUAL_REVIEW
MMCR-1405-0113,1405-اردیبهشت-673,اردیبهشت,674,673,قالب پژو 405 دیسکی,قالب تعمیری,,قالب جدید ساخته شده امینی(عیب یابی),بستن قالب,,مونتاژ,Mold,,1405/02/27,2,,,,,Repair mold record with blank MoldCode; automatic MoldCode assignment prohibited,OPEN,,,NO_HISTORICAL_MATCH,,MANUAL_REVIEW
MMCR-1405-0114,1405-اردیبهشت-681,اردیبهشت,682,681,قالب پژو 405 دیسکی,قالب تعمیری,,قالب جدید ساخته شده امینی(عیب یابی),باز کردن صفحه,,مونتاژ,صفحه,,1405/02/27,2,,,,,Repair mold record with blank MoldCode; automatic MoldCode assignment prohibited,OPEN,,,NO_HISTORICAL_MATCH,,MANUAL_REVIEW
MMCR-1405-0115,1405-اردیبهشت-685,اردیبهشت,686,685,قالب پژو 405 دیسکی,قالب تعمیری,,قالب جدید ساخته شده امینی(عیب یابی),باز کردن صفحه,,مونتاژ,صفحه,,1405/02/27,2,,,,,Repair mold record with blank MoldCode; automatic MoldCode assignment prohibited,OPEN,,,NO_HISTORICAL_MATCH,,MANUAL_REVIEW
MMCR-1405-0116,1405-اردیبهشت-798,اردیبهشت,799,798,قالب پژو 405 دیسکی,قالب تعمیری,,قالب جدید ساخته شده امینی(عیب یابی),باز کردن صفحه,,دمونتاژ,صفحه,,1405/02/31,2,,,,,Repair mold record with blank MoldCode; automatic MoldCode assignment prohibited,OPEN,,,NO_HISTORICAL_MATCH,,MANUAL_REVIEW
MMCR-1405-0117,1405-خرداد-12,خرداد,13,12,قالب پژو 405 دیسکی,قالب تعمیری,,قالب جدید ساخته شده امینی(عیب یابی),وایر,,7603,بلوک,,1405/03/01,7,,,,,Repair mold record with blank MoldCode; automatic MoldCode assignment prohibited,OPEN,,,NO_HISTORICAL_MATCH,,MANUAL_REVIEW
MMCR-1405-0118,1405-خرداد-17,خرداد,18,17,قالب پژو 405 دیسکی,قالب تعمیری,,قالب جدید ساخته شده امینی(عیب یابی),وایر,,7603,بلوک,,1405/03/02,12,,,,,Repair mold record with blank MoldCode; automatic MoldCode assignment prohibited,OPEN,,,NO_HISTORICAL_MATCH,,MANUAL_REVIEW
MMCR-1405-0119,1405-خرداد-19,خرداد,20,19,قالب پژو 405 دیسکی,قالب تعمیری,,قالب جدید ساخته شده امینی(عیب یابی),وایر,,7602,بلوک,,1405/03/02,7,,,,,Repair mold record with blank MoldCode; automatic MoldCode assignment prohibited,OPEN,,,NO_HISTORICAL_MATCH,,MANUAL_REVIEW
MMCR-1405-0120,1405-خرداد-64,خرداد,65,64,قالب پژو 405 دیسکی,قالب تعمیری,,قالب جدید ساخته شده امینی(عیب یابی),وایر,,7605,بلوک,,1405/03/03,12,,,,,Repair mold record with blank MoldCode; automatic MoldCode assignment prohibited,OPEN,,,NO_HISTORICAL_MATCH,,MANUAL_REVIEW
MMCR-1405-0121,1405-خرداد-66,خرداد,67,66,قالب پژو 405 دیسکی,قالب تعمیری,,قالب جدید ساخته شده امینی(عیب یابی),بستن صفحه زیر,,مونتاژ,Bottom Plate,2,1405/03/03,2,,,,,Repair mold record with blank MoldCode; automatic MoldCode assignment prohibited,OPEN,,,NO_HISTORICAL_MATCH,,MANUAL_REVIEW
MMCR-1405-0122,1405-خرداد-70,خرداد,71,70,قالب پژو 405 دیسکی,قالب تعمیری,,قالب جدید ساخته شده امینی(عیب یابی),بستن صفحه زیر,,مونتاژ,Bottom Plate,2,1405/03/03,2.5,,,,,Repair mold record with blank MoldCode; automatic MoldCode assignment prohibited,OPEN,,,NO_HISTORICAL_MATCH,,MANUAL_REVIEW
MMCR-1405-0123,1405-خرداد-128,خرداد,129,128,قالب جلو ریو,قالب تعمیری,,ساخت پشت سنبه,سوراخکاری,,7401,پشت سمبه ای,,1405/03/07,2,,,,,Repair mold record with blank MoldCode; automatic MoldCode assignment prohibited,OPEN,,,AMBIGUOUS_HISTORICAL_NAME,ML23873-02S | ML23873-03S,NEEDS_MOLD_MASTER
MMCR-1405-0124,1405-خرداد-145,خرداد,146,145,قالب جلو ریو,قالب تعمیری,,ساخت پشت سنبه,بستن قالب,,مونتاژ,قالب,,1405/03/09,2,,,,,Repair mold record with blank MoldCode; automatic MoldCode assignment prohibited,OPEN,,,AMBIGUOUS_HISTORICAL_NAME,ML23873-02S | ML23873-03S,NEEDS_MOLD_MASTER
MMCR-1405-0125,1405-خرداد-162,خرداد,163,162,قالب جلو ریو,قالب تعمیری,,ساخت پشت سنبه,سوراخکاری,,7401,top Plate,3,1405/03/09,1,,,,,Repair mold record with blank MoldCode; automatic MoldCode assignment prohibited,OPEN,,,AMBIGUOUS_HISTORICAL_NAME,ML23873-02S | ML23873-03S,NEEDS_MOLD_MASTER
MMCR-1405-0126,1405-خرداد-163,خرداد,164,163,قالب جلو ریو,قالب تعمیری,,ساخت پشت سنبه,بستن قالب,,مونتاژ,MOLd,,1405/03/09,8,,,,,Repair mold record with blank MoldCode; automatic MoldCode assignment prohibited,OPEN,,,AMBIGUOUS_HISTORICAL_NAME,ML23873-02S | ML23873-03S,NEEDS_MOLD_MASTER
MMCR-1405-0127,1405-خرداد-184,خرداد,185,184,قالب جلو ریو,قالب تعمیری,,ساخت پشت سنبه,بستن قالب,,مونتاژ,Bottom Plate,2,1405/03/10,2.5,,,,,Repair mold record with blank MoldCode; automatic MoldCode assignment prohibited,OPEN,,,AMBIGUOUS_HISTORICAL_NAME,ML23873-02S | ML23873-03S,NEEDS_MOLD_MASTER
MMCR-1405-0128,1405-خرداد-195,خرداد,196,195,قالب توری بادسان,قالب تعمیری,1707,سنگ زنی قالب,سنگ زنی,6003,7502,Mandrel,2,1405/03/11,1,,,,,Repair mold record with blank MoldCode; automatic MoldCode assignment prohibited,OPEN,,,NO_HISTORICAL_MATCH,,MANUAL_REVIEW
MMCR-1405-0129,1405-خرداد-211,خرداد,212,211,قالب توری بادسان,قالب تعمیری,1707,سنگ زنی قالب,باز کردن قالب,6003,دمونتاژ,Mold,,1405/03/11,0.5,,,,,Repair mold record with blank MoldCode; automatic MoldCode assignment prohibited,OPEN,,,NO_HISTORICAL_MATCH,,MANUAL_REVIEW
MMCR-1405-0130,1405-خرداد-212,خرداد,213,212,قالب توری بادسان,قالب تعمیری,1707,سنگ زنی قالب,درآوردن پیم,6003,مونتاژ,Mold,,1405/03/11,2,,,,,Repair mold record with blank MoldCode; automatic MoldCode assignment prohibited,OPEN,,,NO_HISTORICAL_MATCH,,MANUAL_REVIEW
MMCR-1405-0131,1405-خرداد-229,خرداد,230,229,قالب BPW تاجدار,قالب تعمیری,1707,سنگ زنی قالب,سنگ زنی,6003,7502,Mandrel,2,1405/03/12,2,,,,,Repair mold record with blank MoldCode; automatic MoldCode assignment prohibited,OPEN,,,NO_HISTORICAL_MATCH,,MANUAL_REVIEW
MMCR-1405-0132,1405-خرداد-232,خرداد,233,232,قالب BPW تاجدار,قالب تعمیری,896,سنگ زنی قالب,وایر,6003,7602,Mandrel,4,1405/03/12,6,,,,,Repair mold record with blank MoldCode; automatic MoldCode assignment prohibited,OPEN,,,NO_HISTORICAL_MATCH,,MANUAL_REVIEW
MMCR-1405-0133,1405-خرداد-235,خرداد,236,235,قالب پیلسان,قالب تعمیری,,سنگ زنی قالب,باز کردن قالب,,دمونتاژ,Mold,,1405/03/12,4,,,,,Repair mold record with blank MoldCode; automatic MoldCode assignment prohibited,OPEN,,,NO_HISTORICAL_MATCH,,MANUAL_REVIEW
MMCR-1405-0134,1405-خرداد-313,خرداد,314,313,قالب سوراخکاری 70028,قالب تعمیری,1710,شکستن 1 عدد سنبه ، وایر کردن آن,وایر,6001,7605,Mandrel,4,1405/03/17,8,,,,,Repair mold record with blank MoldCode; automatic MoldCode assignment prohibited,OPEN,,,NO_HISTORICAL_MATCH,,MANUAL_REVIEW
MMCR-1405-0135,1405-خرداد-314,خرداد,315,314,قالب جلو ریو,قالب تعمیری,,اصلاح قالب,باز کردن صفحه,,دمونتاژ,Bottom Plate,2,1405/03/17,2,,,,,Repair mold record with blank MoldCode; automatic MoldCode assignment prohibited,OPEN,,,AMBIGUOUS_HISTORICAL_NAME,ML23873-02S | ML23873-03S,NEEDS_MOLD_MASTER
MMCR-1405-0136,1405-خرداد-322,خرداد,323,322,قالب سوراخکاری 70028,قالب تعمیری,1710,شکستن 1 عدد سنبه ، وایر کردن آن,فرز 12,6001,7204,آشغال ریز,,1405/03/18,11,,,,,Repair mold record with blank MoldCode; automatic MoldCode assignment prohibited,OPEN,,,NO_HISTORICAL_MATCH,,MANUAL_REVIEW
MMCR-1405-0137,1405-خرداد-332,خرداد,333,332,قالب توری پگاسوز,قالب تعمیری,,شکستن سنبه,وایر,,7601,Mandrel,4,1405/03/18,12,,,,,Repair mold record with blank MoldCode; automatic MoldCode assignment prohibited,OPEN,,,AMBIGUOUS_HISTORICAL_NAME,30303 | 30425,NEEDS_MOLD_MASTER
MMCR-1405-0138,1405-خرداد-336,خرداد,337,336,قالب جلو ریو,قالب تعمیری,,اصلاح قالب,فرز بادی ،بستن نهایی قالب,,مونتاژ,Mold,,1405/03/18,5,OK,,,,Repair mold record with blank MoldCode; automatic MoldCode assignment prohibited,OPEN,,,AMBIGUOUS_HISTORICAL_NAME,ML23873-02S | ML23873-03S,NEEDS_MOLD_MASTER
MMCR-1405-0139,1405-خرداد-422,خرداد,423,422,قالب پخت کلاچ پژو 405,قالب تعمیری,,تعویض پین,تعویض پین,,مونتاژ,MOld,,1405/03/22,0.5,,,,,Repair mold record with blank MoldCode; automatic MoldCode assignment prohibited,OPEN,,,AMBIGUOUS_HISTORICAL_NAME,01S | 02S | 03S | 07S | 10S | 11S | MC30243-04S | MC30243-07S,NEEDS_MOLD_MASTER
MMCR-1405-0140,1405-خرداد-407,خرداد,408,407,قالب پخت کلاچ پژو 405,قالب تعمیری,,تعویض پین,تعویض پین,,مونتاژ,MOld,,1405/03/23,2,,,,,Repair mold record with blank MoldCode; automatic MoldCode assignment prohibited,OPEN,,,AMBIGUOUS_HISTORICAL_NAME,01S | 02S | 03S | 07S | 10S | 11S | MC30243-04S | MC30243-07S,NEEDS_MOLD_MASTER
MMCR-1405-0141,1405-خرداد-429,خرداد,430,429,قالب پخت کلاچ پژو 405,قالب تعمیری,,ساخت پیچ واسطه قالب,تراشکاری,,7301,پیچ واسطه,,1405/03/23,2,,,,,Repair mold record with blank MoldCode; automatic MoldCode assignment prohibited,OPEN,,,AMBIGUOUS_HISTORICAL_NAME,01S | 02S | 03S | 07S | 10S | 11S | MC30243-04S | MC30243-07S,NEEDS_MOLD_MASTER
MMCR-1405-0142,1405-خرداد-447,خرداد,448,447,قالب لودری 70021,قالب تعمیری,1712,شکستن سمبه(ساخت سمبه),وایر,,7605,Mandrel,4,1405/03/23,4,,,,,Repair mold record with blank MoldCode; automatic MoldCode assignment prohibited,OPEN,,,NO_HISTORICAL_MATCH,,MANUAL_REVIEW
MMCR-1405-0143,1405-خرداد-495,خرداد,496,495,قالب لودری 70021,قالب تعمیری,1712,وایر کردن سنبه,سنگ زنی,6001,7502,Matrix,1,1405/03/24,1,,,,,Repair mold record with blank MoldCode; automatic MoldCode assignment prohibited,OPEN,,,NO_HISTORICAL_MATCH,,MANUAL_REVIEW
MMCR-1405-0144,1405-خرداد-494,خرداد,495,494,قالب پیلسان,قالب تعمیری,,سنگ زنی قالب,باز و بستن قالب,,دمونتاژ,Mold,,1405/03/25,2,,,,,Repair mold record with blank MoldCode; automatic MoldCode assignment prohibited,OPEN,,,NO_HISTORICAL_MATCH,,MANUAL_REVIEW
MMCR-1405-0145,1405-خرداد-501,خرداد,502,501,قالب پیلسان,قالب تعمیری,,سنگ زنی قالب,سنگ زنی,,7502,Matrix,1,1405/03/25,1,,,,,Repair mold record with blank MoldCode; automatic MoldCode assignment prohibited,OPEN,,,NO_HISTORICAL_MATCH,,MANUAL_REVIEW
MMCR-1405-0146,1405-خرداد-540,خرداد,541,540,قالب پیلسان,قالب تعمیری,,سنگ زنی قالب,سوراخکاری,,7401,top Plate,3,1405/03/25,0.5,,,,,Repair mold record with blank MoldCode; automatic MoldCode assignment prohibited,OPEN,,,NO_HISTORICAL_MATCH,,MANUAL_REVIEW
MMCR-1405-0147,1405-تیر-42,تیر,43,42,قالب ترابوزا,قالب تعمیری,,لهیدگی Matrix & Mandrel &Crome,سنگ زنی,,7501,Mandrel,,1405/04/02,2,,,,,Repair mold record with blank MoldCode; automatic MoldCode assignment prohibited,OPEN,,,NO_HISTORICAL_MATCH,,MANUAL_REVIEW
MMCR-1405-0148,1405-تیر-103,تیر,104,103,قالب ترابوزا,قالب تعمیری,,لهیدگی Matrix & Mandrel &Crome,سنگ زنی,,7501,Mandrel,4,1405/04/06,8,,,,,Repair mold record with blank MoldCode; automatic MoldCode assignment prohibited,OPEN,,,NO_HISTORICAL_MATCH,,MANUAL_REVIEW
MMCR-1405-0149,1405-تیر-178,تیر,179,178,قالب پخت کلاچ پیکان,قالب تعمیری,,سوپاپ گذاری,تعویض,,مونتاژ,سوپاپ,,1405/04/07,4,,,,,Repair mold record with blank MoldCode; automatic MoldCode assignment prohibited,OPEN,,,AMBIGUOUS_HISTORICAL_NAME,01S | 03S | 04S | 05S | 06S | 07S | 08S | MC30241-02S | MC30241-05S | MC30241-08S,NEEDS_MOLD_MASTER
MMCR-1405-0150,1405-تیر-117,تیر,118,117,قالب پخت کلاچ پیکان آرژانتینی,قالب تعمیری,746,ساخت Top Plate Botton plate guide rod Matrix stoper,فرز 12,,7202,top Plate,3,1405/04/08,3.5,,,,,Repair mold record with blank MoldCode; automatic MoldCode assignment prohibited,OPEN,,,HISTORICAL_EXACT_NAME_REQUEST,04S,VERIFY_HISTORY_THEN_ASSIGN
MMCR-1405-0151,1405-تیر-118,تیر,119,118,قالب پخت کلاچ پیکان آرژانتینی,قالب تعمیری,746,ساخت Top Plate Botton plate guide rod Matrix stoper,فرز 12,,7203,bottom plate,2,1405/04/08,6.5,OK,,,,Repair mold record with blank MoldCode; automatic MoldCode assignment prohibited,OPEN,,,HISTORICAL_EXACT_NAME_REQUEST,04S,VERIFY_HISTORY_THEN_ASSIGN
MMCR-1405-0152,1405-تیر-123,تیر,124,123,قالب ترابوزا,قالب تعمیری,,لهیدگی Matrix & Mandrel &Crome,دورتراشی,,7102,Mandrel,4,1405/04/08,6.5,,,,,Repair mold record with blank MoldCode; automatic MoldCode assignment prohibited,OPEN,,,NO_HISTORICAL_MATCH,,MANUAL_REVIEW
MMCR-1405-0153,1405-تیر-125,تیر,126,125,قالب لودری 70021,قالب تعمیری,,وایر کردن سنبه,باز و بستن قالب,6001,دمونتاژ,Mold,,1405/04/08,1,OK,,,,Repair mold record with blank MoldCode; automatic MoldCode assignment prohibited,OPEN,,,NO_HISTORICAL_MATCH,,MANUAL_REVIEW
MMCR-1405-0154,1405-تیر-128,تیر,129,128,قالب پخت کلاچ پیکان آرژانتینی,قالب تعمیری,746,ساخت Top Plate Botton plate guide rod Matrix stoper,قلاویزکاری,,مونتاژ,bottom plate,4,1405/04/08,3,OK,,,,Repair mold record with blank MoldCode; automatic MoldCode assignment prohibited,OPEN,,,HISTORICAL_EXACT_NAME_REQUEST,04S,VERIFY_HISTORY_THEN_ASSIGN
MMCR-1405-0155,1405-تیر-131,تیر,132,131,قالب پخت کلاچ پیکان آرژانتینی,قالب تعمیری,746,ساخت Top Plate Botton plate guide rod Matrix stoper,بستن قالب,,مونتاژ,Mold,,1405/04/08,2,OK,,,,Repair mold record with blank MoldCode; automatic MoldCode assignment prohibited,OPEN,,,HISTORICAL_EXACT_NAME_REQUEST,04S,VERIFY_HISTORY_THEN_ASSIGN
MMCR-1405-0156,1405-تیر-138,تیر,139,138,قالب لودری 70021,قالب تعمیری,,سنگ زنی,سنگ زنی,6001,7501,Matrix,1,1405/04/08,1,OK,,,,Repair mold record with blank MoldCode; automatic MoldCode assignment prohibited,OPEN,,,NO_HISTORICAL_MATCH,,MANUAL_REVIEW
MMCR-1405-0157,1405-تیر-139,تیر,140,139,قالب لودری 70021,قالب تعمیری,,سنگ زنی,سنگ زنی,6001,7501,Mandrel,1,1405/04/08,1,OK,,,,Repair mold record with blank MoldCode; automatic MoldCode assignment prohibited,OPEN,,,NO_HISTORICAL_MATCH,,MANUAL_REVIEW
MMCR-1405-0158,1405-تیر-142,تیر,143,142,قالب ترابوزا,قالب تعمیری,,لهیدگی Matrix & Mandrel &Crome,سنگ زنی,,7501,Mandrel,1,1405/04/08,3,,,,,Repair mold record with blank MoldCode; automatic MoldCode assignment prohibited,OPEN,,,NO_HISTORICAL_MATCH,,MANUAL_REVIEW
MMCR-1405-0159,1405-تیر-151,تیر,152,151,قالب ترابوزا,قالب تعمیری,,لهیدگی Matrix & Mandrel &Crome,دورتراشی,,7102,Mandrel,4,1405/04/09,11,,,,,Repair mold record with blank MoldCode; automatic MoldCode assignment prohibited,OPEN,,,NO_HISTORICAL_MATCH,,MANUAL_REVIEW
MMCR-1405-0160,1405-تیر-157,تیر,158,157,قالب پخت کلاچ پیکان آرژانتینی,قالب تعمیری,746,ساخت Top Plate Botton plate guide rod Matrix stoper,تراشکاری,,7301,Stop,,1405/04/09,6.5,,,,,Repair mold record with blank MoldCode; automatic MoldCode assignment prohibited,OPEN,,,HISTORICAL_EXACT_NAME_REQUEST,04S,VERIFY_HISTORY_THEN_ASSIGN
MMCR-1405-0161,1405-تیر-162,تیر,163,162,قالب پخت کلاچ پیکان آرژانتینی,قالب تعمیری,746,ساخت Top Plate Botton plate guide rod Matrix stoper,قلاویز کاری,,مونتاژ,رینگ,,1405/04/09,6,,,,,Repair mold record with blank MoldCode; automatic MoldCode assignment prohibited,OPEN,,,HISTORICAL_EXACT_NAME_REQUEST,04S,VERIFY_HISTORY_THEN_ASSIGN
MMCR-1405-0162,1405-تیر-164,تیر,165,164,قالب ترابوزا,قالب تعمیری,,لهیدگی Matrix & Mandrel &Crome,سنگ زنی,,7501,Mandrel,1,1405/04/09,11,,,,,Repair mold record with blank MoldCode; automatic MoldCode assignment prohibited,OPEN,,,NO_HISTORICAL_MATCH,,MANUAL_REVIEW
MMCR-1405-0163,1405-تیر-168,تیر,169,168,قالب پخت کلاچ پیکان آرژانتینی,قالب تعمیری,746,ساخت Top Plate Botton plate guide rod Matrix stoper,بستن قالب,,مونتاژ,MOLd,,1405/04/09,3.5,,,,,Repair mold record with blank MoldCode; automatic MoldCode assignment prohibited,OPEN,,,HISTORICAL_EXACT_NAME_REQUEST,04S,VERIFY_HISTORY_THEN_ASSIGN
MMCR-1405-0164,1405-تیر-174,تیر,175,174,قالب پخت کلاچ پیکان آرژانتینی,قالب تعمیری,746,ساخت Top Plate Botton plate guide rod Matrix stoper,بستن قالب,,مونتاژ,MOLd,,1405/04/09,3.5,,,,,Repair mold record with blank MoldCode; automatic MoldCode assignment prohibited,OPEN,,,HISTORICAL_EXACT_NAME_REQUEST,04S,VERIFY_HISTORY_THEN_ASSIGN
MMCR-1405-0165,1405-تیر-186,تیر,187,186,قالب ترابوزا,قالب تعمیری,,لهیدگی Matrix & Mandrel &Crome,دورتراشی,,7102,Mandrel,4,1405/04/10,11,,,,,Repair mold record with blank MoldCode; automatic MoldCode assignment prohibited,OPEN,,,NO_HISTORICAL_MATCH,,MANUAL_REVIEW
MMCR-1405-0166,1405-تیر-201,تیر,202,201,قالب ترابوزا,قالب تعمیری,,لهیدگی Matrix & Mandrel &Crome,سنگ زنی,,7501,Mandrel,1,1405/04/10,4,,,,,Repair mold record with blank MoldCode; automatic MoldCode assignment prohibited,OPEN,,,NO_HISTORICAL_MATCH,,MANUAL_REVIEW
MMCR-1405-0167,1405-تیر-209,تیر,210,209,قالب پخت کلاچ پیکان,قالب تعمیری,,ساخت Top Plate Botton plate guide rod Matrix stoper,بستن قالب,,مونتاژ,MOLd,,1405/04/10,1.5,,,,,Repair mold record with blank MoldCode; automatic MoldCode assignment prohibited,OPEN,,,AMBIGUOUS_HISTORICAL_NAME,01S | 03S | 04S | 05S | 06S | 07S | 08S | MC30241-02S | MC30241-05S | MC30241-08S,NEEDS_MOLD_MASTER
MMCR-1405-0168,1405-تیر-215,تیر,216,215,قالب پخت کلاچ پیکان,قالب تعمیری,,ساخت Top Plate Botton plate guide rod Matrix stoper,وایر,,7602,mold,,1405/04/10,11,,,,,Repair mold record with blank MoldCode; automatic MoldCode assignment prohibited,OPEN,,,AMBIGUOUS_HISTORICAL_NAME,01S | 03S | 04S | 05S | 06S | 07S | 08S | MC30241-02S | MC30241-05S | MC30241-08S,NEEDS_MOLD_MASTER
MMCR-1405-0169,1405-تیر-216,تیر,217,216,قالب پخت کلاچ پیکان,قالب تعمیری,,ساخت Top Plate Botton plate guide rod Matrix stoper,وایر,,7603,guaid rod,,1405/04/10,2,,,,,Repair mold record with blank MoldCode; automatic MoldCode assignment prohibited,OPEN,,,AMBIGUOUS_HISTORICAL_NAME,01S | 03S | 04S | 05S | 06S | 07S | 08S | MC30241-02S | MC30241-05S | MC30241-08S,NEEDS_MOLD_MASTER
MMCR-1405-0170,1405-تیر-219,تیر,220,219,قالب پخت کلاچ پیکان,قالب تعمیری,,ساخت Top Plate Botton plate guide rod Matrix stoper,بستن قالب جهت وایر,,مونتاژ,mold,,1405/04/10,2.5,OK,,,,Repair mold record with blank MoldCode; automatic MoldCode assignment prohibited,OPEN,,,AMBIGUOUS_HISTORICAL_NAME,01S | 03S | 04S | 05S | 06S | 07S | 08S | MC30241-02S | MC30241-05S | MC30241-08S,NEEDS_MOLD_MASTER
MMCR-1405-0171,1405-تیر-226,تیر,227,226,قالب ترابوزا,قالب تعمیری,,لهیدگی Matrix & Mandrel &Crome,دورتراشی,,7102,Mandrel,4,1405/04/11,7.5,OK,,,,Repair mold record with blank MoldCode; automatic MoldCode assignment prohibited,OPEN,,,NO_HISTORICAL_MATCH,,MANUAL_REVIEW
MMCR-1405-0172,1405-تیر-231,تیر,232,231,قالب ترابوزا,قالب تعمیری,,لهیدگی Matrix & Mandrel &Crome,سنگ زنی,,7501,Mandrel,1,1405/04/11,3.6666666666666665,OK,,,,Repair mold record with blank MoldCode; automatic MoldCode assignment prohibited,OPEN,,,NO_HISTORICAL_MATCH,,MANUAL_REVIEW
MMCR-1405-0173,1405-تیر-238,تیر,239,238,قالب پخت کلاچ پیکان,قالب تعمیری,,ساخت Top Plate Botton plate guide rod Matrix stoper,وایر,,7602,mold,,1405/04/11,8,,,,,Repair mold record with blank MoldCode; automatic MoldCode assignment prohibited,OPEN,,,AMBIGUOUS_HISTORICAL_NAME,01S | 03S | 04S | 05S | 06S | 07S | 08S | MC30241-02S | MC30241-05S | MC30241-08S,NEEDS_MOLD_MASTER
MMCR-1405-0174,1405-تیر-239,تیر,240,239,قالب پخت کلاچ پیکان,قالب تعمیری,,ساخت Top Plate Botton plate guide rod Matrix stoper,وایر,,7603,guaid rod,,1405/04/11,3,OK,,,,Repair mold record with blank MoldCode; automatic MoldCode assignment prohibited,OPEN,,,AMBIGUOUS_HISTORICAL_NAME,01S | 03S | 04S | 05S | 06S | 07S | 08S | MC30241-02S | MC30241-05S | MC30241-08S,NEEDS_MOLD_MASTER
MMCR-1405-0175,1405-تیر-240,تیر,241,240,قالب پخت کلاچ پیکان,قالب تعمیری,,ساخت Top Plate Botton plate guide rod Matrix stoper,وایر,,7603,Stop,,1405/04/11,5,,,,,Repair mold record with blank MoldCode; automatic MoldCode assignment prohibited,OPEN,,,AMBIGUOUS_HISTORICAL_NAME,01S | 03S | 04S | 05S | 06S | 07S | 08S | MC30241-02S | MC30241-05S | MC30241-08S,NEEDS_MOLD_MASTER
MMCR-1405-0176,1405-تیر-267,تیر,268,267,قالب پخت کلاچ پژو 405,قالب تعمیری,,ساخت Top Plate Botton plate guide rod Matrix stoper,باز کردن قالب,,دمونتاژ,MOLd,,1405/04/13,2,,,,,Repair mold record with blank MoldCode; automatic MoldCode assignment prohibited,OPEN,,,AMBIGUOUS_HISTORICAL_NAME,01S | 02S | 03S | 07S | 10S | 11S | MC30243-04S | MC30243-07S,NEEDS_MOLD_MASTER
MMCR-1405-0177,1405-تیر-268,تیر,269,268,قالب پخت کلاچ پژو 405,قالب تعمیری,,ساخت Top Plate Botton plate guide rod Matrix stoper,تعویض سوپاپ,,مونتاژ,سوپاپ,,1405/04/13,2,,,,,Repair mold record with blank MoldCode; automatic MoldCode assignment prohibited,OPEN,,,AMBIGUOUS_HISTORICAL_NAME,01S | 02S | 03S | 07S | 10S | 11S | MC30243-04S | MC30243-07S,NEEDS_MOLD_MASTER
MMCR-1405-0178,1405-تیر-273,تیر,274,273,قالب پخت کلاچ پژو 405,قالب تعمیری,,ساخت Top Plate Botton plate guide rod Matrix stoper,تعویض سوپاپ,,مونتاژ,سوپاپ,,1405/04/13,3,,,,,Repair mold record with blank MoldCode; automatic MoldCode assignment prohibited,OPEN,,,AMBIGUOUS_HISTORICAL_NAME,01S | 02S | 03S | 07S | 10S | 11S | MC30243-04S | MC30243-07S,NEEDS_MOLD_MASTER
MMCR-1405-0179,1405-تیر-274,تیر,275,274,قالب پخت کلاچ پژو 405,قالب تعمیری,,ساخت Top Plate Botton plate guide rod Matrix stoper,تعویض سوپاپ,,مونتاژ,سوپاپ,,1405/04/13,3,,,,,Repair mold record with blank MoldCode; automatic MoldCode assignment prohibited,OPEN,,,AMBIGUOUS_HISTORICAL_NAME,01S | 02S | 03S | 07S | 10S | 11S | MC30243-04S | MC30243-07S,NEEDS_MOLD_MASTER
MMCR-1405-0180,1405-تیر-283,تیر,284,283,قالب پخت کلاچ پیکان,قالب تعمیری,,ساخت Top Plate Botton plate guide rod Matrix stoper,فرز 12,,7202,Matrix,1,1405/04/13,5,,,,,Repair mold record with blank MoldCode; automatic MoldCode assignment prohibited,OPEN,,,AMBIGUOUS_HISTORICAL_NAME,01S | 03S | 04S | 05S | 06S | 07S | 08S | MC30241-02S | MC30241-05S | MC30241-08S,NEEDS_MOLD_MASTER
MMCR-1405-0181,1405-تیر-284,تیر,285,284,قالب پخت کلاچ پیکان,قالب تعمیری,,ساخت Top Plate Botton plate guide rod Matrix stoper,فرز 12,,7202,Mandrel,4,1405/04/13,5.5,,,,,Repair mold record with blank MoldCode; automatic MoldCode assignment prohibited,OPEN,,,AMBIGUOUS_HISTORICAL_NAME,01S | 03S | 04S | 05S | 06S | 07S | 08S | MC30241-02S | MC30241-05S | MC30241-08S,NEEDS_MOLD_MASTER
MMCR-1405-0182,1405-تیر-285,تیر,286,285,قالب پخت کلاچ پژو 405,قالب تعمیری,,ساخت Top Plate Botton plate guide rod Matrix stoper,حدیده کردن,,7302,سوپاپ,,1405/04/13,3,,,,,Repair mold record with blank MoldCode; automatic MoldCode assignment prohibited,OPEN,,,AMBIGUOUS_HISTORICAL_NAME,01S | 02S | 03S | 07S | 10S | 11S | MC30243-04S | MC30243-07S,NEEDS_MOLD_MASTER
MMCR-1405-0183,1405-تیر-291,تیر,292,291,قالب پخت کلاچ پیکان,قالب تعمیری,,ساخت Top Plate Botton plate guide rod Matrix stoper,وایر,,7602,mold,,1405/04/13,4,OK,,,,Repair mold record with blank MoldCode; automatic MoldCode assignment prohibited,OPEN,,,AMBIGUOUS_HISTORICAL_NAME,01S | 03S | 04S | 05S | 06S | 07S | 08S | MC30241-02S | MC30241-05S | MC30241-08S,NEEDS_MOLD_MASTER
MMCR-1405-0184,1405-تیر-278,تیر,279,278,قالب پخت کلاچ پژو 405,قالب تعمیری,,ساخت Top Plate Botton plate guide rod Matrix stoper,باز کردن قالب,,دمونتاژ,MOLd,,1405/04/14,2,,,,,Repair mold record with blank MoldCode; automatic MoldCode assignment prohibited,OPEN,,,AMBIGUOUS_HISTORICAL_NAME,01S | 02S | 03S | 07S | 10S | 11S | MC30243-04S | MC30243-07S,NEEDS_MOLD_MASTER
MMCR-1405-0185,1405-تیر-280,تیر,281,280,قالب ترابوزا,قالب تعمیری,,لهیدگی Matrix & Mandrel &Crome,بستن,,مونتاژ,bottom plate,2,1405/04/14,2,,,,,Repair mold record with blank MoldCode; automatic MoldCode assignment prohibited,OPEN,,,NO_HISTORICAL_MATCH,,MANUAL_REVIEW
MMCR-1405-0186,1405-تیر-295,تیر,296,295,قالب پخت کلاچ پیکان,قالب تعمیری,,ساخت Top Plate Botton plate guide rod Matrix stoper,فرز 12,,7202,Matrix,1,1405/04/14,11,,,,,Repair mold record with blank MoldCode; automatic MoldCode assignment prohibited,OPEN,,,AMBIGUOUS_HISTORICAL_NAME,01S | 03S | 04S | 05S | 06S | 07S | 08S | MC30241-02S | MC30241-05S | MC30241-08S,NEEDS_MOLD_MASTER
MMCR-1405-0187,1405-تیر-296,تیر,297,296,قالب پخت کلاچ پیکان,قالب تعمیری,,ساخت Top Plate Botton plate guide rod Matrix stoper,فرز 12,,7203,Mandrel,4,1405/04/14,11,,,,,Repair mold record with blank MoldCode; automatic MoldCode assignment prohibited,OPEN,,,AMBIGUOUS_HISTORICAL_NAME,01S | 03S | 04S | 05S | 06S | 07S | 08S | MC30241-02S | MC30241-05S | MC30241-08S,NEEDS_MOLD_MASTER
MMCR-1405-0188,1405-تیر-310,تیر,311,310,قالب پخت کلاچ پیکان,قالب تعمیری,,ساخت Top Plate Botton plate guide rod Matrix stoper,سنگ زنی,,7501,stop,,1405/04/14,1,OK,,,,Repair mold record with blank MoldCode; automatic MoldCode assignment prohibited,OPEN,,,AMBIGUOUS_HISTORICAL_NAME,01S | 03S | 04S | 05S | 06S | 07S | 08S | MC30241-02S | MC30241-05S | MC30241-08S,NEEDS_MOLD_MASTER
MMCR-1405-0189,1405-تیر-314,تیر,315,314,قالب پخت کلاچ پیکان,قالب تعمیری,,ساخت Top Plate Botton plate guide rod Matrix stoper,باز کردن قالب,,دمونتاژ,MOLd,,1405/04/14,4,,,,,Repair mold record with blank MoldCode; automatic MoldCode assignment prohibited,OPEN,,,AMBIGUOUS_HISTORICAL_NAME,01S | 03S | 04S | 05S | 06S | 07S | 08S | MC30241-02S | MC30241-05S | MC30241-08S,NEEDS_MOLD_MASTER
MMCR-1405-0190,1405-تیر-315,تیر,316,315,قالب ترابوزا,قالب تعمیری,,لهیدگی Matrix & Mandrel &Crome,بستن قالب,,مونتاژ,MOLd,,1405/04/14,1,,,,,Repair mold record with blank MoldCode; automatic MoldCode assignment prohibited,OPEN,,,NO_HISTORICAL_MATCH,,MANUAL_REVIEW
MMCR-1405-0191,1405-تیر-320,تیر,321,320,قالب پخت کلاچ پیکان,قالب تعمیری,,ساخت Top Plate Botton plate guide rod Matrix stoper,تراشکاری,,7302,stop,,1405/04/14,2,OK,,,,Repair mold record with blank MoldCode; automatic MoldCode assignment prohibited,OPEN,,,AMBIGUOUS_HISTORICAL_NAME,01S | 03S | 04S | 05S | 06S | 07S | 08S | MC30241-02S | MC30241-05S | MC30241-08S,NEEDS_MOLD_MASTER
MMCR-1405-0192,1405-تیر-329,تیر,330,329,قالب ترابوزا,قالب تعمیری,,لهیدگی Matrix & Mandrel &Crome,برش شافت جهت میل راهنما,,8001,میل راهنما,,1405/04/14,2,,,,,Repair mold record with blank MoldCode; automatic MoldCode assignment prohibited,OPEN,,,NO_HISTORICAL_MATCH,,MANUAL_REVIEW
MMCR-1405-0193,1405-تیر-334,تیر,335,334,قالب پخت کلاچ پیکان,قالب تعمیری,,ساخت Top Plate Botton plate guide rod Matrix stoper,فرز 12,,7202,Matrix,1,1405/04/15,11,,,,,Repair mold record with blank MoldCode; automatic MoldCode assignment prohibited,OPEN,,,AMBIGUOUS_HISTORICAL_NAME,01S | 03S | 04S | 05S | 06S | 07S | 08S | MC30241-02S | MC30241-05S | MC30241-08S,NEEDS_MOLD_MASTER
MMCR-1405-0194,1405-تیر-337,تیر,338,337,قالب پخت کلاچ پیکان,قالب تعمیری,,ساخت Top Plate Botton plate guide rod Matrix stoper,تراشکاری,,7301,Stop,,1405/04/15,4.75,OK,,,,Repair mold record with blank MoldCode; automatic MoldCode assignment prohibited,OPEN,,,AMBIGUOUS_HISTORICAL_NAME,01S | 03S | 04S | 05S | 06S | 07S | 08S | MC30241-02S | MC30241-05S | MC30241-08S,NEEDS_MOLD_MASTER
MMCR-1405-0195,1405-تیر-338,تیر,339,338,قالب پخت کلاچ پیکان,قالب تعمیری,,ساخت Top Plate Botton plate guide rod Matrix stoper,تراشکاری,,7301,پیچ واسطه,,1405/04/15,4.75,OK,,,,Repair mold record with blank MoldCode; automatic MoldCode assignment prohibited,OPEN,,,AMBIGUOUS_HISTORICAL_NAME,01S | 03S | 04S | 05S | 06S | 07S | 08S | MC30241-02S | MC30241-05S | MC30241-08S,NEEDS_MOLD_MASTER
MMCR-1405-0196,1405-تیر-340,تیر,341,340,قالب پخت کلاچ پیکان,قالب تعمیری,,ساخت Top Plate Botton plate guide rod Matrix stoper,سنگ زنی,,7501,Mandrel,4,1405/04/15,2,,,,,Repair mold record with blank MoldCode; automatic MoldCode assignment prohibited,OPEN,,,AMBIGUOUS_HISTORICAL_NAME,01S | 03S | 04S | 05S | 06S | 07S | 08S | MC30241-02S | MC30241-05S | MC30241-08S,NEEDS_MOLD_MASTER
MMCR-1405-0197,1405-تیر-341,تیر,342,341,قالب پخت کلاچ پیکان,قالب تعمیری,,ساخت Top Plate Botton plate guide rod Matrix stoper,فرز 12,,7203,Matrix,1,1405/04/15,5.5,OK,,,,Repair mold record with blank MoldCode; automatic MoldCode assignment prohibited,OPEN,,,AMBIGUOUS_HISTORICAL_NAME,01S | 03S | 04S | 05S | 06S | 07S | 08S | MC30241-02S | MC30241-05S | MC30241-08S,NEEDS_MOLD_MASTER
MMCR-1405-0198,1405-تیر-342,تیر,343,342,قالب پخت کلاچ پژو 405,قالب تعمیری,,ساخت Top Plate Botton plate guide rod Matrix stoper,فرز 12,,7203,Matrix,1,1405/04/15,5.5,OK,,,,Repair mold record with blank MoldCode; automatic MoldCode assignment prohibited,OPEN,,,AMBIGUOUS_HISTORICAL_NAME,01S | 02S | 03S | 07S | 10S | 11S | MC30243-04S | MC30243-07S,NEEDS_MOLD_MASTER
MMCR-1405-0199,1405-تیر-346,تیر,347,346,قالب پخت کلاچ پیکان,قالب تعمیری,,ساخت Top Plate Botton plate guide rod Matrix stoper,بستن قالب,,مونتاژ,Mold,,1405/04/15,3,,,,,Repair mold record with blank MoldCode; automatic MoldCode assignment prohibited,OPEN,,,AMBIGUOUS_HISTORICAL_NAME,01S | 03S | 04S | 05S | 06S | 07S | 08S | MC30241-02S | MC30241-05S | MC30241-08S,NEEDS_MOLD_MASTER
MMCR-1405-0200,1405-تیر-347,تیر,348,347,قالب پخت کلاچ پژو 405,قالب تعمیری,,ساخت Top Plate Botton plate guide rod Matrix stoper,بستن قالب,,مونتاژ,Mold,,1405/04/15,4,,,,,Repair mold record with blank MoldCode; automatic MoldCode assignment prohibited,OPEN,,,AMBIGUOUS_HISTORICAL_NAME,01S | 02S | 03S | 07S | 10S | 11S | MC30243-04S | MC30243-07S,NEEDS_MOLD_MASTER
MMCR-1405-0201,1405-تیر-348,تیر,349,348,قالب پخت کلاچ پیکان,قالب تعمیری,,ساخت Top Plate Botton plate guide rod Matrix stoper,بستن قالب,,مونتاژ,Mold,,1405/04/15,2,,,,,Repair mold record with blank MoldCode; automatic MoldCode assignment prohibited,OPEN,,,AMBIGUOUS_HISTORICAL_NAME,01S | 03S | 04S | 05S | 06S | 07S | 08S | MC30241-02S | MC30241-05S | MC30241-08S,NEEDS_MOLD_MASTER
MMCR-1405-0202,1405-تیر-349,تیر,350,349,قالب پخت کلاچ پژو 405,قالب تعمیری,,ساخت Top Plate Botton plate guide rod Matrix stoper,بستن,,مونتاژ,سوپاپ,,1405/04/15,3,,,,,Repair mold record with blank MoldCode; automatic MoldCode assignment prohibited,OPEN,,,AMBIGUOUS_HISTORICAL_NAME,01S | 02S | 03S | 07S | 10S | 11S | MC30243-04S | MC30243-07S,NEEDS_MOLD_MASTER
MMCR-1405-0203,1405-تیر-350,تیر,351,350,قالب ترابوزا,قالب تعمیری,,لهیدگی Matrix & Mandrel &Crome,بستن قالب,,مونتاژ,Mold,,1405/04/15,2,,,,,Repair mold record with blank MoldCode; automatic MoldCode assignment prohibited,OPEN,,,NO_HISTORICAL_MATCH,,MANUAL_REVIEW
MMCR-1405-0204,1405-تیر-351,تیر,352,351,قالب پخت کلاچ پیکان,قالب تعمیری,,ساخت Top Plate Botton plate guide rod Matrix stoper,سوراخکاری,,7401,bottom plate,,1405/04/15,1,,,,,Repair mold record with blank MoldCode; automatic MoldCode assignment prohibited,OPEN,,,AMBIGUOUS_HISTORICAL_NAME,01S | 03S | 04S | 05S | 06S | 07S | 08S | MC30241-02S | MC30241-05S | MC30241-08S,NEEDS_MOLD_MASTER
MMCR-1405-0205,1405-تیر-359,تیر,360,359,قالب ترابوزا,قالب تعمیری,,لهیدگی Matrix & Mandrel &Crome,تراشکاری,,7302,میل راهنما,,1405/04/15,2,,,,,Repair mold record with blank MoldCode; automatic MoldCode assignment prohibited,OPEN,,,NO_HISTORICAL_MATCH,,MANUAL_REVIEW
MMCR-1405-0206,1405-تیر-360,تیر,361,360,قالب پخت کلاچ پژو 405,قالب تعمیری,,ساخت Top Plate Botton plate guide rod Matrix stoper,تراشکاری,,7302,واسطه سوپاپ,,1405/04/15,2,,,,,Repair mold record with blank MoldCode; automatic MoldCode assignment prohibited,OPEN,,,AMBIGUOUS_HISTORICAL_NAME,01S | 02S | 03S | 07S | 10S | 11S | MC30243-04S | MC30243-07S,NEEDS_MOLD_MASTER
MMCR-1405-0207,1405-تیر-367,تیر,368,367,قالب پخت کلاچ پژو 405,قالب تعمیری,,ساخت Top Plate Botton plate guide rod Matrix stoper,بازکردن قالب,,دمونتاژ,MOLd,,1405/04/15,1,,,,,Repair mold record with blank MoldCode; automatic MoldCode assignment prohibited,OPEN,,,AMBIGUOUS_HISTORICAL_NAME,01S | 02S | 03S | 07S | 10S | 11S | MC30243-04S | MC30243-07S,NEEDS_MOLD_MASTER
MMCR-1405-0208,1405-تیر-372,تیر,373,372,قالب پخت کلاچ پیکان,قالب تعمیری,,ساخت Top Plate Botton plate guide rod Matrix stoper,فرز 12,,7202,Matrix,1,1405/04/16,11,,,,,Repair mold record with blank MoldCode; automatic MoldCode assignment prohibited,OPEN,,,AMBIGUOUS_HISTORICAL_NAME,01S | 03S | 04S | 05S | 06S | 07S | 08S | MC30241-02S | MC30241-05S | MC30241-08S,NEEDS_MOLD_MASTER
MMCR-1405-0209,1405-تیر-380,تیر,381,380,قالب پخت کلاچ پژو 405,قالب تعمیری,,ساخت Top Plate Botton plate guide rod Matrix stoper,تراشکاری,,7302,واسطه سوپاپ,,1405/04/16,2,,,,,Repair mold record with blank MoldCode; automatic MoldCode assignment prohibited,OPEN,,,AMBIGUOUS_HISTORICAL_NAME,01S | 02S | 03S | 07S | 10S | 11S | MC30243-04S | MC30243-07S,NEEDS_MOLD_MASTER
MMCR-1405-0210,1405-تیر-382,تیر,383,382,قالب پخت کلاچ پیکان,قالب تعمیری,,ساخت Top Plate Botton plate guide rod Matrix stoper,تراشکاری,,7301,پیچ واسطه,,1405/04/16,3.3333333333333335,OK,,,,Repair mold record with blank MoldCode; automatic MoldCode assignment prohibited,OPEN,,,AMBIGUOUS_HISTORICAL_NAME,01S | 03S | 04S | 05S | 06S | 07S | 08S | MC30241-02S | MC30241-05S | MC30241-08S,NEEDS_MOLD_MASTER
MMCR-1405-0211,1405-تیر-391,تیر,392,391,قالب پخت کلاچ پیکان,قالب تعمیری,,ساخت Top Plate Botton plate guide rod Matrix stoper,بستن قالب,,مونتاژ,mold,,1405/04/16,2.5,,,,,Repair mold record with blank MoldCode; automatic MoldCode assignment prohibited,OPEN,,,AMBIGUOUS_HISTORICAL_NAME,01S | 03S | 04S | 05S | 06S | 07S | 08S | MC30241-02S | MC30241-05S | MC30241-08S,NEEDS_MOLD_MASTER
MMCR-1405-0212,1405-تیر-397,تیر,398,397,قالب پخت کلاچ پیکان,قالب تعمیری,,ساخت Top Plate Botton plate guide rod Matrix stoper,بستن قالب,,مونتاژ,mold,,1405/04/16,2.5,,,,,Repair mold record with blank MoldCode; automatic MoldCode assignment prohibited,OPEN,,,AMBIGUOUS_HISTORICAL_NAME,01S | 03S | 04S | 05S | 06S | 07S | 08S | MC30241-02S | MC30241-05S | MC30241-08S,NEEDS_MOLD_MASTER
MMCR-1405-0213,1405-تیر-400,تیر,401,400,قالب ترابوزا,قالب تعمیری,,لهیدگی Matrix & Mandrel &Crome,بستن قالب,,مونتاژ,Mold,,1405/04/16,1.5,OK,,,,Repair mold record with blank MoldCode; automatic MoldCode assignment prohibited,OPEN,,,NO_HISTORICAL_MATCH,,MANUAL_REVIEW
MMCR-1405-0214,1405-تیر-402,تیر,403,402,قالب پخت کلاچ پیکان,قالب تعمیری,,ساخت Top Plate Botton plate guide rod Matrix stoper,فرز 12,,7202,Matrix,1,1405/04/17,11,,,,,Repair mold record with blank MoldCode; automatic MoldCode assignment prohibited,OPEN,,,AMBIGUOUS_HISTORICAL_NAME,01S | 03S | 04S | 05S | 06S | 07S | 08S | MC30241-02S | MC30241-05S | MC30241-08S,NEEDS_MOLD_MASTER
MMCR-1405-0215,1405-تیر-415,تیر,416,415,قالب پخت کلاچ پیکان,قالب تعمیری,,ساخت Top Plate Botton plate guide rod Matrix stoper,باز کردن قالب,,دمونتاژ,MOLd,,1405/04/17,1.5,,,,,Repair mold record with blank MoldCode; automatic MoldCode assignment prohibited,OPEN,,,AMBIGUOUS_HISTORICAL_NAME,01S | 03S | 04S | 05S | 06S | 07S | 08S | MC30241-02S | MC30241-05S | MC30241-08S,NEEDS_MOLD_MASTER
MMCR-1405-0216,1405-تیر-417,تیر,418,417,قالب ترابوزا,قالب تعمیری,,لهیدگی Matrix & Mandrel &Crome,بستن صفحه زیر,,مونتاژ,bottom plate,,1405/04/17,5,,,,,Repair mold record with blank MoldCode; automatic MoldCode assignment prohibited,OPEN,,,NO_HISTORICAL_MATCH,,MANUAL_REVIEW
MMCR-1405-0217,1405-تیر-418,تیر,419,418,قالب پخت کلاچ پژو 405,قالب تعمیری,,ساخت Top Plate Botton plate guide rod Matrix stoper,فرز 12,,7203,Mandrel,4,1405/04/18,7.5,,,,,Repair mold record with blank MoldCode; automatic MoldCode assignment prohibited,OPEN,,,AMBIGUOUS_HISTORICAL_NAME,01S | 02S | 03S | 07S | 10S | 11S | MC30243-04S | MC30243-07S,NEEDS_MOLD_MASTER
MMCR-1405-0218,1405-تیر-419,تیر,420,419,قالب پخت کلاچ پژو 405,قالب تعمیری,,ساخت Top Plate Botton plate guide rod Matrix stoper,فرز 12,,7204,Mandrel,4,1405/04/18,7.5,,,,,Repair mold record with blank MoldCode; automatic MoldCode assignment prohibited,OPEN,,,AMBIGUOUS_HISTORICAL_NAME,01S | 02S | 03S | 07S | 10S | 11S | MC30243-04S | MC30243-07S,NEEDS_MOLD_MASTER
MMCR-1405-0219,1405-تیر-424,تیر,425,424,قالب پخت کلاچ پژو 405,قالب تعمیری,,ساخت Top Plate Botton plate guide rod Matrix stoper,سنگ زنی,,7501,Mandrel,4,1405/04/18,1,,,,,Repair mold record with blank MoldCode; automatic MoldCode assignment prohibited,OPEN,,,AMBIGUOUS_HISTORICAL_NAME,01S | 02S | 03S | 07S | 10S | 11S | MC30243-04S | MC30243-07S,NEEDS_MOLD_MASTER
MMCR-1405-0220,1405-تیر-426,تیر,427,426,قالب پخت کلاچ پژو 405,قالب تعمیری,,ساخت Top Plate Botton plate guide rod Matrix stoper,بستن قالب,,مونتاژ,mold,,1405/04/18,2,,,,,Repair mold record with blank MoldCode; automatic MoldCode assignment prohibited,OPEN,,,AMBIGUOUS_HISTORICAL_NAME,01S | 02S | 03S | 07S | 10S | 11S | MC30243-04S | MC30243-07S,NEEDS_MOLD_MASTER
MMCR-1405-0221,1405-تیر-428,تیر,429,428,قالب پخت کلاچ پژو 405,قالب تعمیری,,ساخت Top Plate Botton plate guide rod Matrix stoper,ساخت بوش واسطه پیچ قالب کلاچ,,7301,Bush,,1405/04/18,2,,,,,Repair mold record with blank MoldCode; automatic MoldCode assignment prohibited,OPEN,,,AMBIGUOUS_HISTORICAL_NAME,01S | 02S | 03S | 07S | 10S | 11S | MC30243-04S | MC30243-07S,NEEDS_MOLD_MASTER
MMCR-1405-0222,1405-تیر-429,تیر,430,429,قالب ترابوزا,قالب تعمیری,,لهیدگی Matrix & Mandrel &Crome,تراشکاری,,7301,میل راهنما,,1405/04/18,1,,,,,Repair mold record with blank MoldCode; automatic MoldCode assignment prohibited,OPEN,,,NO_HISTORICAL_MATCH,,MANUAL_REVIEW
MMCR-1405-0223,1405-تیر-430,تیر,431,430,قالب پخت کلاچ پژو 405,قالب تعمیری,,ساخت Top Plate Botton plate guide rod Matrix stoper,تراشکاری,,7301,پیچ,,1405/04/18,4,,,,,Repair mold record with blank MoldCode; automatic MoldCode assignment prohibited,OPEN,,,AMBIGUOUS_HISTORICAL_NAME,01S | 02S | 03S | 07S | 10S | 11S | MC30243-04S | MC30243-07S,NEEDS_MOLD_MASTER
MMCR-1405-0224,1405-تیر-432,تیر,433,432,قالب ترابوزا,قالب تعمیری,,لهیدگی Matrix & Mandrel &Crome,بستن قالب,,مونتاژ,mold,,1405/04/18,2.5,,,,,Repair mold record with blank MoldCode; automatic MoldCode assignment prohibited,OPEN,,,NO_HISTORICAL_MATCH,,MANUAL_REVIEW
MMCR-1405-0225,1405-تیر-433,تیر,434,433,قالب پخت کلاچ پژو 405,قالب تعمیری,,ساخت Top Plate Botton plate guide rod Matrix stoper,بستن قالب,,مونتاژ,mold,,1405/04/18,2.5,,,,,Repair mold record with blank MoldCode; automatic MoldCode assignment prohibited,OPEN,,,AMBIGUOUS_HISTORICAL_NAME,01S | 02S | 03S | 07S | 10S | 11S | MC30243-04S | MC30243-07S,NEEDS_MOLD_MASTER
MMCR-1405-0226,1405-تیر-438,تیر,439,438,قالب ترابوزا,قالب تعمیری,,لهیدگی Matrix & Mandrel &Crome,بستن قالب,,مونتاژ,mold,,1405/04/18,4,OK,,,,Repair mold record with blank MoldCode; automatic MoldCode assignment prohibited,OPEN,,,NO_HISTORICAL_MATCH,,MANUAL_REVIEW
MMCR-1405-0227,1405-تیر-441,تیر,442,441,قالب پخت کلاچ پژو 405,قالب تعمیری,,ساخت Top Plate Botton plate guide rod Matrix stoper,بستن قالب,,مونتاژ,mold,,1405/04/18,2,,,,,Repair mold record with blank MoldCode; automatic MoldCode assignment prohibited,OPEN,,,AMBIGUOUS_HISTORICAL_NAME,01S | 02S | 03S | 07S | 10S | 11S | MC30243-04S | MC30243-07S,NEEDS_MOLD_MASTER
MMCR-1405-0228,1405-تیر-443,تیر,444,443,قالب پخت کلاچ پژو 405,قالب تعمیری,,تراش سوپاپ تعمیری,تراش سوپاپ,,7302,سوپاپ,,1405/04/18,2,,,,,Repair mold record with blank MoldCode; automatic MoldCode assignment prohibited,OPEN,,,AMBIGUOUS_HISTORICAL_NAME,01S | 02S | 03S | 07S | 10S | 11S | MC30243-04S | MC30243-07S,NEEDS_MOLD_MASTER
MMCR-1405-0229,1405-تیر-456,تیر,457,456,قالب خشاب زنی,قطعه تعمیری,,تراش فلانچ خشاب گذاری,دورتراشی,,7302,فلانچ,,1405/04/18,1,,,,,Repair mold record with blank MoldCode; automatic MoldCode assignment prohibited,OPEN,,,NOT_MOLD_REPAIR_WORKTYPE,,SEPARATE_FROM_MOLD_REPAIR
MMCR-1405-0230,1405-تیر-437,تیر,438,437,قالب ترابوزا,قالب تعمیری,,لهیدگی Matrix & Mandrel &Crome,بستن قالب,,مونتاژ,mold,,1405/04/19,3,OK,,,,Repair mold record with blank MoldCode; automatic MoldCode assignment prohibited,OPEN,,,NO_HISTORICAL_MATCH,,MANUAL_REVIEW
MMCR-1405-0231,1405-تیر-458,تیر,459,458,قالب پخت کلاچ پژو 405,قالب تعمیری,,ساخت Top Plate Botton plate guide rod Matrix stoper,فرز 12,,7204,Mandrel,4,1405/04/20,11,,,,,Repair mold record with blank MoldCode; automatic MoldCode assignment prohibited,OPEN,,,AMBIGUOUS_HISTORICAL_NAME,01S | 02S | 03S | 07S | 10S | 11S | MC30243-04S | MC30243-07S,NEEDS_MOLD_MASTER
MMCR-1405-0232,1405-تیر-459,تیر,460,459,قالب پخت کلاچ پژو 405,قالب تعمیری,,ساخت Top Plate Botton plate guide rod Matrix stoper,فرز 12,,7203,Mandrel,4,1405/04/20,11,,,,,Repair mold record with blank MoldCode; automatic MoldCode assignment prohibited,OPEN,,,AMBIGUOUS_HISTORICAL_NAME,01S | 02S | 03S | 07S | 10S | 11S | MC30243-04S | MC30243-07S,NEEDS_MOLD_MASTER
MMCR-1405-0233,1405-تیر-463,تیر,464,463,قالب پخت کلاچ پژو 405,قالب تعمیری,,تراش پیچ قالب 8 عدد کلاچ,تراشکاری,,7301,پیچ,,1405/04/20,5,OK,,,,Repair mold record with blank MoldCode; automatic MoldCode assignment prohibited,OPEN,,,AMBIGUOUS_HISTORICAL_NAME,01S | 02S | 03S | 07S | 10S | 11S | MC30243-04S | MC30243-07S,NEEDS_MOLD_MASTER
MMCR-1405-0234,1405-تیر-464,تیر,465,464,قالب پخت کلاچ پژو 405,قالب تعمیری,,تراش واشز پیچ 8 عدد کلاچ,تراشکاری,,7301,واشر,,1405/04/20,5,OK,,,,Repair mold record with blank MoldCode; automatic MoldCode assignment prohibited,OPEN,,,AMBIGUOUS_HISTORICAL_NAME,01S | 02S | 03S | 07S | 10S | 11S | MC30243-04S | MC30243-07S,NEEDS_MOLD_MASTER
MMCR-1405-0235,1405-تیر-467,تیر,468,467,قالب پخت کلاچ پژو 405,قالب تعمیری,,ساخت Top Plate Botton plate guide rod Matrix stoper,فرز 12,,7202,top Plate,3,1405/04/20,11,OK,,,,Repair mold record with blank MoldCode; automatic MoldCode assignment prohibited,OPEN,,,AMBIGUOUS_HISTORICAL_NAME,01S | 02S | 03S | 07S | 10S | 11S | MC30243-04S | MC30243-07S,NEEDS_MOLD_MASTER
MMCR-1405-0236,1405-تیر-488,تیر,489,488,قالب پخت کلاچ پژو 405,قالب تعمیری,,ساخت Top Plate Botton plate guide rod Matrix stoper,فرز 12,,7204,Mandrel,4,1405/04/21,11,,,,,Repair mold record with blank MoldCode; automatic MoldCode assignment prohibited,OPEN,,,AMBIGUOUS_HISTORICAL_NAME,01S | 02S | 03S | 07S | 10S | 11S | MC30243-04S | MC30243-07S,NEEDS_MOLD_MASTER
MMCR-1405-0237,1405-تیر-489,تیر,490,489,قالب پخت کلاچ پژو 405,قالب تعمیری,,ساخت Top Plate Botton plate guide rod Matrix stoper,فرز 12,,7203,Mandrel,4,1405/04/21,5.5,,,,,Repair mold record with blank MoldCode; automatic MoldCode assignment prohibited,OPEN,,,AMBIGUOUS_HISTORICAL_NAME,01S | 02S | 03S | 07S | 10S | 11S | MC30243-04S | MC30243-07S,NEEDS_MOLD_MASTER
MMCR-1405-0238,1405-تیر-490,تیر,491,490,قالب پخت کلاچ پژو 405,قالب تعمیری,,ساخت Top Plate Botton plate guide rod Matrix stoper,فرز 12,,7202,top Plate,3,1405/04/21,7.5,OK,,,,Repair mold record with blank MoldCode; automatic MoldCode assignment prohibited,OPEN,,,AMBIGUOUS_HISTORICAL_NAME,01S | 02S | 03S | 07S | 10S | 11S | MC30243-04S | MC30243-07S,NEEDS_MOLD_MASTER
MMCR-1405-0239,1405-تیر-496,تیر,497,496,قالب پخت کلاچ پژو 405,قالب تعمیری,,ساخت واشر پیچ,تراشکاری,,7301,واشر,,1405/04/21,4.333333333333333,OK,,,,Repair mold record with blank MoldCode; automatic MoldCode assignment prohibited,OPEN,,,AMBIGUOUS_HISTORICAL_NAME,01S | 02S | 03S | 07S | 10S | 11S | MC30243-04S | MC30243-07S,NEEDS_MOLD_MASTER
MMCR-1405-0240,1405-تیر-513,تیر,514,513,قالب پخت کلاچ پیکان,قالب تعمیری,,ساخت Top Plate Botton plate guide rod Matrix stoper,برش,,8001,stop,,1405/04/21,3,OK,,,,Repair mold record with blank MoldCode; automatic MoldCode assignment prohibited,OPEN,,,AMBIGUOUS_HISTORICAL_NAME,01S | 03S | 04S | 05S | 06S | 07S | 08S | MC30241-02S | MC30241-05S | MC30241-08S,NEEDS_MOLD_MASTER
MMCR-1405-0241,1405-تیر-516,تیر,517,516,قالب پخت کلاچ پژو 405,قالب تعمیری,,ساخت Top Plate Botton plate guide rod Matrix stoper,فرز 12,,7203,Mandrel,4,1405/04/22,11,,,,,Repair mold record with blank MoldCode; automatic MoldCode assignment prohibited,OPEN,,,AMBIGUOUS_HISTORICAL_NAME,01S | 02S | 03S | 07S | 10S | 11S | MC30243-04S | MC30243-07S,NEEDS_MOLD_MASTER
MMCR-1405-0242,1405-تیر-518,تیر,519,518,قالب پخت کلاچ پژو 405,قالب تعمیری,,ساخت Top Plate Botton plate guide rod Matrix stoper,فرز 12,,7204,Mandrel,4,1405/04/22,11,OK,,,,Repair mold record with blank MoldCode; automatic MoldCode assignment prohibited,OPEN,,,AMBIGUOUS_HISTORICAL_NAME,01S | 02S | 03S | 07S | 10S | 11S | MC30243-04S | MC30243-07S,NEEDS_MOLD_MASTER
MMCR-1405-0243,1405-تیر-519,تیر,520,519,قالب پخت کلاچ پژو 405,قالب تعمیری,,ساخت Top Plate Botton plate guide rod Matrix stoper,کفتراشی,,7101,top Plate,3,1405/04/22,7,OK,,,,Repair mold record with blank MoldCode; automatic MoldCode assignment prohibited,OPEN,,,AMBIGUOUS_HISTORICAL_NAME,01S | 02S | 03S | 07S | 10S | 11S | MC30243-04S | MC30243-07S,NEEDS_MOLD_MASTER
MMCR-1405-0244,1405-تیر-520,تیر,521,520,قالب پخت کلاچ پژو 405,قالب تعمیری,,ساخت Top Plate Botton plate guide rod Matrix stoper,باز و بستن قالب,,مونتاژ,mold,,1405/04/22,4,,,,,Repair mold record with blank MoldCode; automatic MoldCode assignment prohibited,OPEN,,,AMBIGUOUS_HISTORICAL_NAME,01S | 02S | 03S | 07S | 10S | 11S | MC30243-04S | MC30243-07S,NEEDS_MOLD_MASTER
MMCR-1405-0245,1405-تیر-522,تیر,523,522,قالب پخت کلاچ پیکان,قالب تعمیری,,ساخت Top Plate Botton plate guide rod Matrix stoper,سنگ زنی,,7501,Stop,,1405/04/22,1,OK,,,,Repair mold record with blank MoldCode; automatic MoldCode assignment prohibited,OPEN,,,AMBIGUOUS_HISTORICAL_NAME,01S | 03S | 04S | 05S | 06S | 07S | 08S | MC30241-02S | MC30241-05S | MC30241-08S,NEEDS_MOLD_MASTER
MMCR-1405-0246,1405-تیر-526,تیر,527,526,قالب پخت کلاچ پژو 405,قالب تعمیری,,ساخت Top Plate Botton plate guide rod Matrix stoper,مته مرغک ، مته 8 ، فرز 12,,7202,bottom plate,2,1405/04/22,4.5,,,,,Repair mold record with blank MoldCode; automatic MoldCode assignment prohibited,OPEN,,,AMBIGUOUS_HISTORICAL_NAME,01S | 02S | 03S | 07S | 10S | 11S | MC30243-04S | MC30243-07S,NEEDS_MOLD_MASTER
MMCR-1405-0247,1405-تیر-536,تیر,537,536,قالب پخت کلاچ پیکان,قالب تعمیری,,ساخت Top Plate Botton plate guide rod Matrix stoper,بستن,,مونتاژ,mold,,1405/04/22,5,,,,,Repair mold record with blank MoldCode; automatic MoldCode assignment prohibited,OPEN,,,AMBIGUOUS_HISTORICAL_NAME,01S | 03S | 04S | 05S | 06S | 07S | 08S | MC30241-02S | MC30241-05S | MC30241-08S,NEEDS_MOLD_MASTER
MMCR-1405-0248,1405-تیر-540,تیر,541,540,قالب پخت کلاچ پژو 405,قالب تعمیری,,ساخت Top Plate Botton plate guide rod Matrix stoper,بازکردن قالب,,دمونتاژ,mold,,1405/04/22,4,,,,,Repair mold record with blank MoldCode; automatic MoldCode assignment prohibited,OPEN,,,AMBIGUOUS_HISTORICAL_NAME,01S | 02S | 03S | 07S | 10S | 11S | MC30243-04S | MC30243-07S,NEEDS_MOLD_MASTER
MMCR-1405-0249,1405-تیر-543,تیر,544,543,قالب پخت کلاچ پیکان,قالب تعمیری,,ساخت Top Plate Botton plate guide rod Matrix stoper,فرز12,,7203,Mandrel,4,1405/04/23,8,OK,,,,Repair mold record with blank MoldCode; automatic MoldCode assignment prohibited,OPEN,,,AMBIGUOUS_HISTORICAL_NAME,01S | 03S | 04S | 05S | 06S | 07S | 08S | MC30241-02S | MC30241-05S | MC30241-08S,NEEDS_MOLD_MASTER
MMCR-1405-0250,1405-تیر-544,تیر,545,544,قالب پخت کلاچ پیکان,قالب تعمیری,,ساخت Top Plate Botton plate guide rod Matrix stoper,فرز12,,7203,Mandrel,4,1405/04/23,3,,,,,Repair mold record with blank MoldCode; automatic MoldCode assignment prohibited,OPEN,,,AMBIGUOUS_HISTORICAL_NAME,01S | 03S | 04S | 05S | 06S | 07S | 08S | MC30241-02S | MC30241-05S | MC30241-08S,NEEDS_MOLD_MASTER
MMCR-1405-0251,1405-تیر-546,تیر,547,546,قالب پخت کلاچ پژو 405,قالب تعمیری,,ساخت Top Plate Botton plate guide rod Matrix stoper,فرز 12,,7204,Mandrel,4,1405/04/23,9,OK,,,,Repair mold record with blank MoldCode; automatic MoldCode assignment prohibited,OPEN,,,AMBIGUOUS_HISTORICAL_NAME,01S | 02S | 03S | 07S | 10S | 11S | MC30243-04S | MC30243-07S,NEEDS_MOLD_MASTER
MMCR-1405-0252,1405-تیر-547,تیر,548,547,قالب پخت کلاچ پیکان,قالب تعمیری,,ساخت Top Plate Botton plate guide rod Matrix stoper,فرز 12,,7204,Mandrel,4,1405/04/23,2,,,,,Repair mold record with blank MoldCode; automatic MoldCode assignment prohibited,OPEN,,,AMBIGUOUS_HISTORICAL_NAME,01S | 03S | 04S | 05S | 06S | 07S | 08S | MC30241-02S | MC30241-05S | MC30241-08S,NEEDS_MOLD_MASTER
MMCR-1405-0253,1405-تیر-552,تیر,553,552,قالب پخت کلاچ پژو 405,قالب تعمیری,,ساخت Top Plate Botton plate guide rod Matrix stoper,فرز 12,,7202,bottom plate,2,1405/04/23,7.5,,,,,Repair mold record with blank MoldCode; automatic MoldCode assignment prohibited,OPEN,,,AMBIGUOUS_HISTORICAL_NAME,01S | 02S | 03S | 07S | 10S | 11S | MC30243-04S | MC30243-07S,NEEDS_MOLD_MASTER
MMCR-1405-0254,1405-تیر-553,تیر,554,553,قالب پخت کلاچ پژو 405,قالب تعمیری,,ساخت Top Plate Botton plate guide rod Matrix stoper,باز کردن سنبه,,دمونتاژ,Mandrel,,1405/04/23,3,,,,,Repair mold record with blank MoldCode; automatic MoldCode assignment prohibited,OPEN,,,AMBIGUOUS_HISTORICAL_NAME,01S | 02S | 03S | 07S | 10S | 11S | MC30243-04S | MC30243-07S,NEEDS_MOLD_MASTER
MMCR-1405-0255,1405-تیر-557,تیر,558,557,قالب پخت کلاچ پژو 405,قالب تعمیری,,ساخت Top Plate Botton plate guide rod Matrix stoper,تراشکاری,,7301,پیچ,,1405/04/23,1.5,,,,,Repair mold record with blank MoldCode; automatic MoldCode assignment prohibited,OPEN,,,AMBIGUOUS_HISTORICAL_NAME,01S | 02S | 03S | 07S | 10S | 11S | MC30243-04S | MC30243-07S,NEEDS_MOLD_MASTER
MMCR-1405-0256,1405-تیر-558,تیر,559,558,قالب پخت کلاچ پژو 405,قالب تعمیری,,ساخت پین راهنما برای قالب های کلاچ,تراشکاری,,7302,پین,,1405/04/23,3,OK,,,,Repair mold record with blank MoldCode; automatic MoldCode assignment prohibited,OPEN,,,AMBIGUOUS_HISTORICAL_NAME,01S | 02S | 03S | 07S | 10S | 11S | MC30243-04S | MC30243-07S,NEEDS_MOLD_MASTER
MMCR-1405-0257,1405-تیر-559,تیر,560,559,قالب پخت کلاچ پژو 405,قالب تعمیری,,تراش پین واسطه قالب های کلاچ,تراشکاری,,7302,پین واسطه,,1405/04/23,2,OK,,,,Repair mold record with blank MoldCode; automatic MoldCode assignment prohibited,OPEN,,,AMBIGUOUS_HISTORICAL_NAME,01S | 02S | 03S | 07S | 10S | 11S | MC30243-04S | MC30243-07S,NEEDS_MOLD_MASTER
MMCR-1405-0258,1405-تیر-563,تیر,564,563,قالب پخت کلاچ پژو 405,قالب تعمیری,,مونتاژ قالب,قلاویزکاری,,مونتاژ,mold,,1405/04/23,3,,,,,Repair mold record with blank MoldCode; automatic MoldCode assignment prohibited,OPEN,,,AMBIGUOUS_HISTORICAL_NAME,01S | 02S | 03S | 07S | 10S | 11S | MC30243-04S | MC30243-07S,NEEDS_MOLD_MASTER
MMCR-1405-0259,1405-تیر-568,تیر,569,568,قالب پخت کلاچ پژو 405,قالب تعمیری,,سنگ زنی Stop,سنگ زنی,,7501,Stop,,1405/04/23,1,OK,,,,Repair mold record with blank MoldCode; automatic MoldCode assignment prohibited,OPEN,,,AMBIGUOUS_HISTORICAL_NAME,01S | 02S | 03S | 07S | 10S | 11S | MC30243-04S | MC30243-07S,NEEDS_MOLD_MASTER
MMCR-1405-0260,1405-تیر-569,تیر,570,569,قالب پخت کلاچ پژو 405,قالب تعمیری,,سنگ زنی Mandrel,سنگ زنی,,7501,Mandrel,,1405/04/23,2,OK,,,,Repair mold record with blank MoldCode; automatic MoldCode assignment prohibited,OPEN,,,AMBIGUOUS_HISTORICAL_NAME,01S | 02S | 03S | 07S | 10S | 11S | MC30243-04S | MC30243-07S,NEEDS_MOLD_MASTER
MMCR-1405-0261,1405-تیر-573,تیر,574,573,قالب پخت کلاچ پژو 405,قالب تعمیری,,مونتاژ جهت وایر,بستن,,مونتاژ,Mold,,1405/04/23,1,OK,,,,Repair mold record with blank MoldCode; automatic MoldCode assignment prohibited,OPEN,,,AMBIGUOUS_HISTORICAL_NAME,01S | 02S | 03S | 07S | 10S | 11S | MC30243-04S | MC30243-07S,NEEDS_MOLD_MASTER
MMCR-1405-0262,1405-تیر-574,تیر,575,574,قالب پخت کلاچ پیکان,قالب تعمیری,,ساخت Top Plate Botton plate guide rod Matrix stoper,درآوردن پیچ بریده,,دمونتاژ,top Plate,3,1405/04/23,2,OK,,,,Repair mold record with blank MoldCode; automatic MoldCode assignment prohibited,OPEN,,,AMBIGUOUS_HISTORICAL_NAME,01S | 03S | 04S | 05S | 06S | 07S | 08S | MC30241-02S | MC30241-05S | MC30241-08S,NEEDS_MOLD_MASTER
MMCR-1405-0263,1405-تیر-575,تیر,576,575,قالب پخت کلاچ پیکان,قالب تعمیری,,ساخت Top Plate Botton plate guide rod Matrix stoper,بستن قالب,,مونتاژ,Mold,,1405/04/23,1,OK,,,,Repair mold record with blank MoldCode; automatic MoldCode assignment prohibited,OPEN,,,AMBIGUOUS_HISTORICAL_NAME,01S | 03S | 04S | 05S | 06S | 07S | 08S | MC30241-02S | MC30241-05S | MC30241-08S,NEEDS_MOLD_MASTER
MMCR-1405-0264,1405-تیر-577,تیر,578,577,قالب پخت کلاچ پیکان,قالب تعمیری,,ساخت Top Plate Botton plate guide rod Matrix stoper,فرز12,,7203,Mandrel,4,1405/04/24,11,,,,,Repair mold record with blank MoldCode; automatic MoldCode assignment prohibited,OPEN,,,AMBIGUOUS_HISTORICAL_NAME,01S | 03S | 04S | 05S | 06S | 07S | 08S | MC30241-02S | MC30241-05S | MC30241-08S,NEEDS_MOLD_MASTER
MMCR-1405-0265,1405-تیر-579,تیر,580,579,قالب پخت کلاچ پیکان,قالب تعمیری,,ساخت Top Plate Botton plate guide rod Matrix stoper,فرز 12,,7204,Mandrel,4,1405/04/24,11,,,,,Repair mold record with blank MoldCode; automatic MoldCode assignment prohibited,OPEN,,,AMBIGUOUS_HISTORICAL_NAME,01S | 03S | 04S | 05S | 06S | 07S | 08S | MC30241-02S | MC30241-05S | MC30241-08S,NEEDS_MOLD_MASTER
MMCR-1405-0266,1405-تیر-580,تیر,581,580,قالب پخت کلاچ پژو 405,قالب تعمیری,,مونتاژ جهت وایر,بستن,,مونتاژ,Mold,,1405/04/24,7.5,OK,,,,Repair mold record with blank MoldCode; automatic MoldCode assignment prohibited,OPEN,,,AMBIGUOUS_HISTORICAL_NAME,01S | 02S | 03S | 07S | 10S | 11S | MC30243-04S | MC30243-07S,NEEDS_MOLD_MASTER
MMCR-1405-0267,1405-تیر-586,تیر,587,586,قالب پخت کلاچ پیکان,قالب تعمیری,,بعلت تاب برداشتن صفحان بالای قالب پیکان در پخت (اقدام به گذاشتن صفحه 50 میل نموده (تستی) ),کفتراشی,,7101,top Plate,3,1405/04/24,5,OK,,,,Repair mold record with blank MoldCode; automatic MoldCode assignment prohibited,OPEN,,,AMBIGUOUS_HISTORICAL_NAME,01S | 03S | 04S | 05S | 06S | 07S | 08S | MC30241-02S | MC30241-05S | MC30241-08S,NEEDS_MOLD_MASTER
MMCR-1405-0268,1405-تیر-587,تیر,588,587,قالب پخت کلاچ پیکان,قالب تعمیری,,بعلت تاب برداشتن صفحان بالای قالب پیکان در پخت (اقدام به گذاشتن صفحه 50 میل نموده (تستی) ),باز کردن قالب,,دمونتاژ,MOLd,,1405/04/24,4,OK,,,,Repair mold record with blank MoldCode; automatic MoldCode assignment prohibited,OPEN,,,AMBIGUOUS_HISTORICAL_NAME,01S | 03S | 04S | 05S | 06S | 07S | 08S | MC30241-02S | MC30241-05S | MC30241-08S,NEEDS_MOLD_MASTER
MMCR-1405-0269,1405-تیر-589,تیر,590,589,قالب پخت کلاچ پیکان,قالب تعمیری,,ساخت Top Plate Botton plate guide rod Matrix stoper,کفتراشی,,7301,پیچ,,1405/04/24,4,OK,,,,Repair mold record with blank MoldCode; automatic MoldCode assignment prohibited,OPEN,,,AMBIGUOUS_HISTORICAL_NAME,01S | 03S | 04S | 05S | 06S | 07S | 08S | MC30241-02S | MC30241-05S | MC30241-08S,NEEDS_MOLD_MASTER
MMCR-1405-0270,1405-تیر-590,تیر,591,590,قالب پخت کلاچ پژو 405,قالب تعمیری,,ساخت Top Plate Botton plate guide rod Matrix stoper,کفتراشی,,7301,پیچ,,1405/04/24,4,OK,,,,Repair mold record with blank MoldCode; automatic MoldCode assignment prohibited,OPEN,,,AMBIGUOUS_HISTORICAL_NAME,01S | 02S | 03S | 07S | 10S | 11S | MC30243-04S | MC30243-07S,NEEDS_MOLD_MASTER
MMCR-1405-0271,1405-تیر-591,تیر,592,591,قالب پخت کلاچ پیکان,قالب تعمیری,,ساخت Top Plate Botton plate guide rod Matrix stoper,تراشکاری,,7301,Stop,,1405/04/24,2,OK,,,,Repair mold record with blank MoldCode; automatic MoldCode assignment prohibited,OPEN,,,AMBIGUOUS_HISTORICAL_NAME,01S | 03S | 04S | 05S | 06S | 07S | 08S | MC30241-02S | MC30241-05S | MC30241-08S,NEEDS_MOLD_MASTER
MMCR-1405-0272,1405-تیر-593,تیر,594,593,قالب پخت کلاچ پیکان,قالب تعمیری,,ساخت Top Plate Botton plate guide rod Matrix stoper,باز و بستن قالب,,دمونتاژ,MOLd,,1405/04/24,2,OK,,,,Repair mold record with blank MoldCode; automatic MoldCode assignment prohibited,OPEN,,,AMBIGUOUS_HISTORICAL_NAME,01S | 03S | 04S | 05S | 06S | 07S | 08S | MC30241-02S | MC30241-05S | MC30241-08S,NEEDS_MOLD_MASTER
MMCR-1405-0273,1405-تیر-595,تیر,596,595,قالب پخت کلاچ پیکان,قالب تعمیری,,ساخت Top Plate Botton plate guide rod Matrix stoper,باز و بستن قالب,,دمونتاژ,MOLd,,1405/04/24,2,OK,,,,Repair mold record with blank MoldCode; automatic MoldCode assignment prohibited,OPEN,,,AMBIGUOUS_HISTORICAL_NAME,01S | 03S | 04S | 05S | 06S | 07S | 08S | MC30241-02S | MC30241-05S | MC30241-08S,NEEDS_MOLD_MASTER
MMCR-1405-0274,1405-تیر-597,تیر,598,597,قالب پخت کلاچ پیکان,قالب تعمیری,,ساخت Top Plate Botton plate guide rod Matrix stoper,فرز 12,,7204,Mandrel,4,1405/04/25,7.5,OK,,,,Repair mold record with blank MoldCode; automatic MoldCode assignment prohibited,OPEN,,,AMBIGUOUS_HISTORICAL_NAME,01S | 03S | 04S | 05S | 06S | 07S | 08S | MC30241-02S | MC30241-05S | MC30241-08S,NEEDS_MOLD_MASTER
MMCR-1405-0275,1405-تیر-599,تیر,600,599,قالب پخت کلاچ پیکان,قالب تعمیری,,ساخت Top Plate Botton plate guide rod Matrix stoper,فرز12,,7203,Mandrel,4,1405/04/25,7.5,,,,,Repair mold record with blank MoldCode; automatic MoldCode assignment prohibited,OPEN,,,AMBIGUOUS_HISTORICAL_NAME,01S | 03S | 04S | 05S | 06S | 07S | 08S | MC30241-02S | MC30241-05S | MC30241-08S,NEEDS_MOLD_MASTER
MMCR-1405-0276,1405-تیر-602,تیر,603,602,قالب پخت کلاچ پیکان,قالب تعمیری,,ساخت Top Plate Botton plate guide rod Matrix stoper,تراشکاری,,7301,پیچ,,1405/04/25,3,,,,,Repair mold record with blank MoldCode; automatic MoldCode assignment prohibited,OPEN,,,AMBIGUOUS_HISTORICAL_NAME,01S | 03S | 04S | 05S | 06S | 07S | 08S | MC30241-02S | MC30241-05S | MC30241-08S,NEEDS_MOLD_MASTER
MMCR-1405-0277,1405-تیر-604,تیر,605,604,قالب پخت کلاچ پیکان,قالب تعمیری,,ساخت Top Plate Botton plate guide rod Matrix stoper,باز و بستن قالب,,دمونتاژ,MOLd,,1405/04/25,4,,,,,Repair mold record with blank MoldCode; automatic MoldCode assignment prohibited,OPEN,,,AMBIGUOUS_HISTORICAL_NAME,01S | 03S | 04S | 05S | 06S | 07S | 08S | MC30241-02S | MC30241-05S | MC30241-08S,NEEDS_MOLD_MASTER
MMCR-1405-0278,1405-تیر-605,تیر,606,605,قالب پخت کلاچ پیکان,قالب تعمیری,,ساخت Top Plate Botton plate guide rod Matrix stoper,فرز کاری جای گل پیچ,,7101,top Plate,,1405/04/25,1,,,,,Repair mold record with blank MoldCode; automatic MoldCode assignment prohibited,OPEN,,,AMBIGUOUS_HISTORICAL_NAME,01S | 03S | 04S | 05S | 06S | 07S | 08S | MC30241-02S | MC30241-05S | MC30241-08S,NEEDS_MOLD_MASTER
MMCR-1405-0279,1405-تیر-607,تیر,608,607,قالب پخت کلاچ پیکان,قالب تعمیری,,ساخت Top Plate Botton plate guide rod Matrix stoper,تراشکاری,,7302,پین واسطه,,1405/04/25,2,OK,,,,Repair mold record with blank MoldCode; automatic MoldCode assignment prohibited,OPEN,,,AMBIGUOUS_HISTORICAL_NAME,01S | 03S | 04S | 05S | 06S | 07S | 08S | MC30241-02S | MC30241-05S | MC30241-08S,NEEDS_MOLD_MASTER
MMCR-1405-0280,1405-تیر-613,تیر,614,613,قالب پخت کلاچ پیکان,قالب تعمیری,,ساخت Top Plate Botton plate guide rod Matrix stoper,مونتاژ جهت CNC,,مونتاژ,MOLd,,1405/04/25,2,,,,,Repair mold record with blank MoldCode; automatic MoldCode assignment prohibited,OPEN,,,AMBIGUOUS_HISTORICAL_NAME,01S | 03S | 04S | 05S | 06S | 07S | 08S | MC30241-02S | MC30241-05S | MC30241-08S,NEEDS_MOLD_MASTER
MMCR-1405-0281,1405-تیر-614,تیر,615,614,قالب پخت کلاچ پژو 405,قالب تعمیری,,ساخت Top Plate Botton plate guide rod Matrix stoper,باز کردن قالب,,دمونتاژ,MOLd,,1405/04/25,2.5,,,,,Repair mold record with blank MoldCode; automatic MoldCode assignment prohibited,OPEN,,,AMBIGUOUS_HISTORICAL_NAME,01S | 02S | 03S | 07S | 10S | 11S | MC30243-04S | MC30243-07S,NEEDS_MOLD_MASTER
MMCR-1405-0282,1405-تیر-617,تیر,618,617,قالب پخت کلاچ پیکان,قالب تعمیری,,ساخت Top Plate Botton plate guide rod Matrix stoper,سنگ زنی,,7501,Mandrel,4,1405/04/25,1,OK,,,,Repair mold record with blank MoldCode; automatic MoldCode assignment prohibited,OPEN,,,AMBIGUOUS_HISTORICAL_NAME,01S | 03S | 04S | 05S | 06S | 07S | 08S | MC30241-02S | MC30241-05S | MC30241-08S,NEEDS_MOLD_MASTER
MMCR-1405-0283,1405-تیر-620,تیر,621,620,قالب پخت کلاچ پژو 405,قالب تعمیری,,ساخت Top Plate Botton plate guide rod Matrix stoper,وایر جا میل راهنما,,7601,mold,,1405/04/25,8,,,,,Repair mold record with blank MoldCode; automatic MoldCode assignment prohibited,OPEN,,,AMBIGUOUS_HISTORICAL_NAME,01S | 02S | 03S | 07S | 10S | 11S | MC30243-04S | MC30243-07S,NEEDS_MOLD_MASTER
MMCR-1405-0284,1405-تیر-626,تیر,627,626,قالب پخت کلاچ پژو 405,قالب تعمیری,,ساخت Top Plate Botton plate guide rod Matrix stoper,وایر جا میل راهنما,,7601,mold,,1405/04/26,5,,,,,Repair mold record with blank MoldCode; automatic MoldCode assignment prohibited,OPEN,,,AMBIGUOUS_HISTORICAL_NAME,01S | 02S | 03S | 07S | 10S | 11S | MC30243-04S | MC30243-07S,NEEDS_MOLD_MASTER
MMCR-1405-0285,1405-تیر-630,تیر,631,630,قالب پخت کلاچ پژو 405,قالب تعمیری,,ساخت Top Plate Botton plate guide rod Matrix stoper,باز کردن قالب,,دمونتاژ,mold,,1405/04/26,2,,,,,Repair mold record with blank MoldCode; automatic MoldCode assignment prohibited,OPEN,,,AMBIGUOUS_HISTORICAL_NAME,01S | 02S | 03S | 07S | 10S | 11S | MC30243-04S | MC30243-07S,NEEDS_MOLD_MASTER
MMCR-1405-0286,1405-تیر-639,تیر,640,639,قالب پخت کلاچ پیکان,قالب تعمیری,,ساخت Top Plate Botton plate guide rod Matrix stoper,کفتراشی,,7101,top Plate,3,1405/04/27,3.6666666666666665,OK,,,,Repair mold record with blank MoldCode; automatic MoldCode assignment prohibited,OPEN,,,AMBIGUOUS_HISTORICAL_NAME,01S | 03S | 04S | 05S | 06S | 07S | 08S | MC30241-02S | MC30241-05S | MC30241-08S,NEEDS_MOLD_MASTER
MMCR-1405-0287,1405-تیر-652,تیر,653,652,قالب پخت کلاچ پیکان,قالب تعمیری,,سوپاپ گذاری,تعویض سوپاپ,,مونتاژ,سوپاپ,,1405/04/27,2,OK,,,,Repair mold record with blank MoldCode; automatic MoldCode assignment prohibited,OPEN,,,AMBIGUOUS_HISTORICAL_NAME,01S | 03S | 04S | 05S | 06S | 07S | 08S | MC30241-02S | MC30241-05S | MC30241-08S,NEEDS_MOLD_MASTER
MMCR-1405-0288,1405-تیر-660,تیر,661,660,قالب پخت کلاچ پژو 405,قالب تعمیری,,ساخت Top Plate Botton plate guide rod Matrix stoper,وایر جا میل راهنما,,7601,mold,,1405/04/27,12,,,,,Repair mold record with blank MoldCode; automatic MoldCode assignment prohibited,OPEN,,,AMBIGUOUS_HISTORICAL_NAME,01S | 02S | 03S | 07S | 10S | 11S | MC30243-04S | MC30243-07S,NEEDS_MOLD_MASTER
MMCR-1405-0289,1405-تیر-672,تیر,673,672,قالب پخت کلاچ پیکان,قالب تعمیری,,بعلت تاب برداشتن صفحان بالای قالب پیکان در پخت (اقدام به گذاشتن صفحه 50 میل نموده (تستی) ),دورتراشی,,7102,top Plate,3,1405/04/28,11,,,,,Repair mold record with blank MoldCode; automatic MoldCode assignment prohibited,OPEN,,,AMBIGUOUS_HISTORICAL_NAME,01S | 03S | 04S | 05S | 06S | 07S | 08S | MC30241-02S | MC30241-05S | MC30241-08S,NEEDS_MOLD_MASTER
MMCR-1405-0290,1405-تیر-673,تیر,674,673,قالب پخت کلاچ پیکان,قالب تعمیری,,ساخت 5 عدد STOP,تراشکاری,,7301,Stop,,1405/04/28,5,OK,,,,Repair mold record with blank MoldCode; automatic MoldCode assignment prohibited,OPEN,,,AMBIGUOUS_HISTORICAL_NAME,01S | 03S | 04S | 05S | 06S | 07S | 08S | MC30241-02S | MC30241-05S | MC30241-08S,NEEDS_MOLD_MASTER
MMCR-1405-0291,1405-تیر-676,تیر,677,676,قالب BPW تاجدار,قالب تعمیری,1719,سنگ زدن قالب,باز کردن قالب,6001,دمونتاژ,mold,,1405/04/28,3,OK,,,,Repair mold record with blank MoldCode; automatic MoldCode assignment prohibited,OPEN,,,NO_HISTORICAL_MATCH,,MANUAL_REVIEW
MMCR-1405-0292,1405-تیر-685,تیر,686,685,قالب BPW تاجدار,قالب تعمیری,1719,سنگ زدن قالب,سنگ زنی,6001,7502,Matrix,,1405/04/28,1.5,OK,,,,Repair mold record with blank MoldCode; automatic MoldCode assignment prohibited,OPEN,,,NO_HISTORICAL_MATCH,,MANUAL_REVIEW
MMCR-1405-0293,1405-تیر-686,تیر,687,686,قالب BPW تاجدار,قالب تعمیری,1719,سنگ زدن قالب,سنگ زنی,6001,7502,Mandrel,,1405/04/28,1.5,OK,,,,Repair mold record with blank MoldCode; automatic MoldCode assignment prohibited,OPEN,,,NO_HISTORICAL_MATCH,,MANUAL_REVIEW
MMCR-1405-0294,1405-تیر-688,تیر,689,688,قالب توری SAF قدیم,قالب تعمیری,1720,سنگ زنی قالب,سنگ زنی,6003,7502,Matrix,,1405/04/28,1.5,OK,,,,Repair mold record with blank MoldCode; automatic MoldCode assignment prohibited,OPEN,,,NO_HISTORICAL_MATCH,,MANUAL_REVIEW
MMCR-1405-0295,1405-تیر-689,تیر,690,689,قالب توری SAF قدیم,قالب تعمیری,1720,سنگ زنی قالب,سنگ زنی,6003,7502,Mandrel,,1405/04/28,1.5,OK,,,,Repair mold record with blank MoldCode; automatic MoldCode assignment prohibited,OPEN,,,NO_HISTORICAL_MATCH,,MANUAL_REVIEW
MMCR-1405-0296,1405-تیر-695,تیر,696,695,قالب پخت کلاچ پژو 405,قالب تعمیری,,ساخت Top Plate Botton plate guide rod Matrix stoper,وایر جا میل راهنما,,7601,mold,,1405/04/28,3,OK,,,,Repair mold record with blank MoldCode; automatic MoldCode assignment prohibited,OPEN,,,AMBIGUOUS_HISTORICAL_NAME,01S | 02S | 03S | 07S | 10S | 11S | MC30243-04S | MC30243-07S,NEEDS_MOLD_MASTER
MMCR-1405-0297,1405-تیر-710,تیر,711,710,قالب پخت کلاچ پیکان,قالب تعمیری,,بعلت تاب برداشتن صفحان بالای قالب پیکان در پخت (اقدام به گذاشتن صفحه 50 میل نموده (تستی) ),دورتراشی,,7102,top Plate,3,1405/04/29,11,,,,,Repair mold record with blank MoldCode; automatic MoldCode assignment prohibited,OPEN,,,AMBIGUOUS_HISTORICAL_NAME,01S | 03S | 04S | 05S | 06S | 07S | 08S | MC30241-02S | MC30241-05S | MC30241-08S,NEEDS_MOLD_MASTER
MMCR-1405-0298,1405-تیر-728,تیر,729,728,قالب پخت کلاچ پیکان,قالب تعمیری,,بعلت تاب برداشتن صفحان بالای قالب پیکان در پخت (اقدام به گذاشتن صفحه 50 میل نموده (تستی) ),فرز 12,,7203,bottom plate,2,1405/04/30,11,,,,,Repair mold record with blank MoldCode; automatic MoldCode assignment prohibited,OPEN,,,AMBIGUOUS_HISTORICAL_NAME,01S | 03S | 04S | 05S | 06S | 07S | 08S | MC30241-02S | MC30241-05S | MC30241-08S,NEEDS_MOLD_MASTER
MMCR-1405-0299,1405-تیر-739,تیر,740,739,قالب پخت کلاچ پیکان,قالب تعمیری,,بعلت تاب برداشتن صفحان بالای قالب پیکان در پخت (اقدام به گذاشتن صفحه 50 میل نموده (تستی) ),دورتراشی,,7102,top Plate,3,1405/04/30,3.5,OK,,,,Repair mold record with blank MoldCode; automatic MoldCode assignment prohibited,OPEN,,,AMBIGUOUS_HISTORICAL_NAME,01S | 03S | 04S | 05S | 06S | 07S | 08S | MC30241-02S | MC30241-05S | MC30241-08S,NEEDS_MOLD_MASTER
MMCR-1405-0300,1405-تیر-756,تیر,757,756,قالب توری SAF قدیم,قالب تعمیری,1721,سنگ زدن قالب,سنگ زنی,6003,7501,Matrix,1,1405/04/30,1.5,OK,,,,Repair mold record with blank MoldCode; automatic MoldCode assignment prohibited,OPEN,,,NO_HISTORICAL_MATCH,,MANUAL_REVIEW
MMCR-1405-0301,1405-تیر-757,تیر,758,757,قالب توری SAF قدیم,قالب تعمیری,1721,سنگ زدن قالب,سنگ زنی,6003,7501,Mandrel,4,1405/04/30,1.5,OK,,,,Repair mold record with blank MoldCode; automatic MoldCode assignment prohibited,OPEN,,,NO_HISTORICAL_MATCH,,MANUAL_REVIEW
MMCR-1405-0302,1405-تیر-761,تیر,762,761,قالب پخت کلاچ پیکان,قالب تعمیری,,بعلت تاب برداشتن صفحان بالای قالب پیکان در پخت (اقدام به گذاشتن صفحه 50 میل نموده (تستی) ),فرز 12,,7203,bottom plate,2,1405/04/31,8,OK,,,,Repair mold record with blank MoldCode; automatic MoldCode assignment prohibited,OPEN,,,AMBIGUOUS_HISTORICAL_NAME,01S | 03S | 04S | 05S | 06S | 07S | 08S | MC30241-02S | MC30241-05S | MC30241-08S,NEEDS_MOLD_MASTER
MMCR-1405-0303,1405-تیر-762,تیر,763,762,قالب پخت کلاچ پیکان,قالب تعمیری,,بعلت تاب برداشتن صفحان بالای قالب پیکان در پخت (اقدام به گذاشتن صفحه 50 میل نموده (تستی) ),فرز 12,,7203,top Plate,3,1405/04/31,3,,,,,Repair mold record with blank MoldCode; automatic MoldCode assignment prohibited,OPEN,,,AMBIGUOUS_HISTORICAL_NAME,01S | 03S | 04S | 05S | 06S | 07S | 08S | MC30241-02S | MC30241-05S | MC30241-08S,NEEDS_MOLD_MASTER
MMCR-1405-0304,1405-تیر-769,تیر,770,769,قالب پخت کلاچ پیکان,قالب تعمیری,,بعلت تاب برداشتن صفحان بالای قالب پیکان در پخت (اقدام به گذاشتن صفحه 50 میل نموده (تستی) ),قلاویزکاری,,مونتاژ,top Plate,3,1405/04/31,2,OK,,,,Repair mold record with blank MoldCode; automatic MoldCode assignment prohibited,OPEN,,,AMBIGUOUS_HISTORICAL_NAME,01S | 03S | 04S | 05S | 06S | 07S | 08S | MC30241-02S | MC30241-05S | MC30241-08S,NEEDS_MOLD_MASTER
MMCR-1405-0305,1405-تیر-773,تیر,774,773,قالب پخت کلاچ پیکان,قالب تعمیری,,بعلت تاب برداشتن صفحان بالای قالب پیکان در پخت (اقدام به گذاشتن صفحه 50 میل نموده (تستی) ),بستن,,مونتاژ,top Plate,3,1405/04/31,2,OK,,,,Repair mold record with blank MoldCode; automatic MoldCode assignment prohibited,OPEN,,,AMBIGUOUS_HISTORICAL_NAME,01S | 03S | 04S | 05S | 06S | 07S | 08S | MC30241-02S | MC30241-05S | MC30241-08S,NEEDS_MOLD_MASTER
MMCR-1405-0306,1405-تیر-777,تیر,778,777,قالب پخت کلاچ پیکان,قالب تعمیری,,ساخت بوش تاچ گیری قالب کلاچ پیکان,تراشکاری,,7301,Bush,,1405/04/31,2,OK,,,,Repair mold record with blank MoldCode; automatic MoldCode assignment prohibited,OPEN,,,AMBIGUOUS_HISTORICAL_NAME,01S | 03S | 04S | 05S | 06S | 07S | 08S | MC30241-02S | MC30241-05S | MC30241-08S,NEEDS_MOLD_MASTER
MMCR-1405-0307,1405-تیر-781,تیر,782,781,قالب پخت کلاچ پژو 405,قالب تعمیری,,ساخت Top Plate Botton plate guide rod Matrix stoper,وایر جا میل راهنما,,7602,mold,,1405/04/31,4,,,,,Repair mold record with blank MoldCode; automatic MoldCode assignment prohibited,OPEN,,,AMBIGUOUS_HISTORICAL_NAME,01S | 02S | 03S | 07S | 10S | 11S | MC30243-04S | MC30243-07S,NEEDS_MOLD_MASTER
MMCR-1405-0308,1405-مرداد-4,مرداد,5,4,قالب پخت کلاچ پیکان,قالب تعمیری,,بعلت تاب برداشتن صفحان بالای قالب پیکان در پخت (اقدام به گذاشتن صفحه 50 میل نموده (تستی) ),بستن قالب,,مونتاژ,Mold,,1405/05/01,3.5,OK,,,,Repair mold record with blank MoldCode; automatic MoldCode assignment prohibited,OPEN,,,AMBIGUOUS_HISTORICAL_NAME,01S | 03S | 04S | 05S | 06S | 07S | 08S | MC30241-02S | MC30241-05S | MC30241-08S,NEEDS_MOLD_MASTER
MMCR-1405-0309,1405-مرداد-8,مرداد,9,8,قالب پخت کلاچ پیکان,قالب تعمیری,,,فرز 12,,7202,top Plate,3,1405/05/01,2.5,OK,,,,Repair mold record with blank MoldCode; automatic MoldCode assignment prohibited,OPEN,,,AMBIGUOUS_HISTORICAL_NAME,01S | 03S | 04S | 05S | 06S | 07S | 08S | MC30241-02S | MC30241-05S | MC30241-08S,NEEDS_MOLD_MASTER
MMCR-1405-0310,1405-مرداد-9,مرداد,10,9,قالب پخت کلاچ پیکان,قالب تعمیری,,,فرز 12,,7202,bottom plate,4,1405/05/01,5,,,,,Repair mold record with blank MoldCode; automatic MoldCode assignment prohibited,OPEN,,,AMBIGUOUS_HISTORICAL_NAME,01S | 03S | 04S | 05S | 06S | 07S | 08S | MC30241-02S | MC30241-05S | MC30241-08S,NEEDS_MOLD_MASTER
MMCR-1405-0311,1405-مرداد-10,مرداد,11,10,قالب پخت کلاچ پیکان,قالب تعمیری,,,Tapping,,مونتاژ,top Plate,3,1405/05/01,3.3333333333333335,OK,,,,Repair mold record with blank MoldCode; automatic MoldCode assignment prohibited,OPEN,,,AMBIGUOUS_HISTORICAL_NAME,01S | 03S | 04S | 05S | 06S | 07S | 08S | MC30241-02S | MC30241-05S | MC30241-08S,NEEDS_MOLD_MASTER
MMCR-1405-0312,1405-مرداد-11,مرداد,12,11,قالب پخت کلاچ پیکان,قالب تعمیری,,,Power Hacksaw Cutting,,8001,میل راهنما,,1405/05/01,3.3333333333333335,OK,,,,Repair mold record with blank MoldCode; automatic MoldCode assignment prohibited,OPEN,,,AMBIGUOUS_HISTORICAL_NAME,01S | 03S | 04S | 05S | 06S | 07S | 08S | MC30241-02S | MC30241-05S | MC30241-08S,NEEDS_MOLD_MASTER
MMCR-1405-0313,1405-مرداد-18,مرداد,19,18,قالب پخت کلاچ پژو 405,قالب تعمیری,,تراش پین واسطه قالب های کلاچ,Turning,,7302,پین واسطه,,1405/05/01,1,OK,,,,Repair mold record with blank MoldCode; automatic MoldCode assignment prohibited,OPEN,,,AMBIGUOUS_HISTORICAL_NAME,01S | 02S | 03S | 07S | 10S | 11S | MC30243-04S | MC30243-07S,NEEDS_MOLD_MASTER
MMCR-1405-0314,1405-مرداد-21,مرداد,22,21,قالب پخت کلاچ پژو 405,قالب تعمیری,,ساخت Top Plate Botton plate guide rod Matrix stoper,وایر جا میل راهنما,,7602,mold,,1405/05/01,8,,,,,Repair mold record with blank MoldCode; automatic MoldCode assignment prohibited,OPEN,,,AMBIGUOUS_HISTORICAL_NAME,01S | 02S | 03S | 07S | 10S | 11S | MC30243-04S | MC30243-07S,NEEDS_MOLD_MASTER
MMCR-1405-0315,1405-مرداد-23,مرداد,24,23,قالب عقب F12,قالب تعمیری,,ساخت Matrix جدید,وایر,,7605,Matrix,1,1405/05/01,8,,,,,Repair mold record with blank MoldCode; automatic MoldCode assignment prohibited,OPEN,,,NO_HISTORICAL_MATCH,,MANUAL_REVIEW
MMCR-1405-0316,1405-مرداد-24,مرداد,25,24,قالب پخت کلاچ پیکان,قالب تعمیری,,ساخت بوش تاچ گیری قالب کلاچ پیکان,باز کردن قالب,,دمونتاژ,Mold,,1405/05/01,2.5,,,,,Repair mold record with blank MoldCode; automatic MoldCode assignment prohibited,OPEN,,,AMBIGUOUS_HISTORICAL_NAME,01S | 03S | 04S | 05S | 06S | 07S | 08S | MC30241-02S | MC30241-05S | MC30241-08S,NEEDS_MOLD_MASTER
MMCR-1405-0317,1405-مرداد-39,مرداد,40,39,قالب پخت کلاچ پژو 405,قالب تعمیری,,ساخت Top Plate Botton plate guide rod Matrix stoper,وایر جا میل راهنما,,7602,mold,,1405/05/03,8,OK,,,,Repair mold record with blank MoldCode; automatic MoldCode assignment prohibited,OPEN,,,AMBIGUOUS_HISTORICAL_NAME,01S | 02S | 03S | 07S | 10S | 11S | MC30243-04S | MC30243-07S,NEEDS_MOLD_MASTER
MMCR-1405-0318,1405-مرداد-41,مرداد,42,41,قالب عقب F12,قالب تعمیری,,ساخت Matrix جدید,وایر,,7605,Matrix,1,1405/05/03,12,,,,,Repair mold record with blank MoldCode; automatic MoldCode assignment prohibited,OPEN,,,NO_HISTORICAL_MATCH,,MANUAL_REVIEW
MMCR-1405-0319,1405-مرداد-60,مرداد,61,60,قالب پخت کلاچ پژو 405,قالب تعمیری,,تراش پین واسطه قالب های کلاچ,Turning,,7302,پین واسطه,,1405/05/03,3,OK,,,,Repair mold record with blank MoldCode; automatic MoldCode assignment prohibited,OPEN,,,AMBIGUOUS_HISTORICAL_NAME,01S | 02S | 03S | 07S | 10S | 11S | MC30243-04S | MC30243-07S,NEEDS_MOLD_MASTER
MMCR-1405-0320,1405-مرداد-61,مرداد,62,61,قالب پخت کلاچ پیکان,قالب تعمیری,,اصلاح,Turning,,7302,پیچ,,1405/05/03,1,OK,,,,Repair mold record with blank MoldCode; automatic MoldCode assignment prohibited,OPEN,,,AMBIGUOUS_HISTORICAL_NAME,01S | 03S | 04S | 05S | 06S | 07S | 08S | MC30241-02S | MC30241-05S | MC30241-08S,NEEDS_MOLD_MASTER
MMCR-1405-0321,1405-مرداد-65,مرداد,66,65,قالب پخت کلاچ پیکان,قالب تعمیری,,اصلاح,فرز 12,,7202,bottom plate,2,1405/05/04,7.5,OK,,,,Repair mold record with blank MoldCode; automatic MoldCode assignment prohibited,OPEN,,,AMBIGUOUS_HISTORICAL_NAME,01S | 03S | 04S | 05S | 06S | 07S | 08S | MC30241-02S | MC30241-05S | MC30241-08S,NEEDS_MOLD_MASTER
MMCR-1405-0322,1405-مرداد-66,مرداد,67,66,قالب پخت کلاچ پیکان,قالب تعمیری,,اصلاح,فرز 12,,7202,top Plate,3,1405/05/04,3.5,OK,,,,Repair mold record with blank MoldCode; automatic MoldCode assignment prohibited,OPEN,,,AMBIGUOUS_HISTORICAL_NAME,01S | 03S | 04S | 05S | 06S | 07S | 08S | MC30241-02S | MC30241-05S | MC30241-08S,NEEDS_MOLD_MASTER
MMCR-1405-0323,1405-مرداد-71,مرداد,72,71,قالب پخت کلاچ پیکان,قالب تعمیری,,برش میل راهنما,Power Hacksaw Cutting,,8001,Shaft میل راهنما,,1405/05/04,2,OK,,,,Repair mold record with blank MoldCode; automatic MoldCode assignment prohibited,OPEN,,,AMBIGUOUS_HISTORICAL_NAME,01S | 03S | 04S | 05S | 06S | 07S | 08S | MC30241-02S | MC30241-05S | MC30241-08S,NEEDS_MOLD_MASTER
MMCR-1405-0324,1405-مرداد-72,مرداد,73,72,قالب پخت کلاچ پیکان,قالب تعمیری,,اصلاح,Tapping,,مونتاژ,top Plate,3,1405/05/04,4,,,,,Repair mold record with blank MoldCode; automatic MoldCode assignment prohibited,OPEN,,,AMBIGUOUS_HISTORICAL_NAME,01S | 03S | 04S | 05S | 06S | 07S | 08S | MC30241-02S | MC30241-05S | MC30241-08S,NEEDS_MOLD_MASTER
MMCR-1405-0325,1405-مرداد-81,مرداد,82,81,قالب پخت کلاچ پیکان,قالب تعمیری,,اصلاح,Turning,,7301,میل راهنما,,1405/05/04,3.3333333333333335,OK,,,,Repair mold record with blank MoldCode; automatic MoldCode assignment prohibited,OPEN,,,AMBIGUOUS_HISTORICAL_NAME,01S | 03S | 04S | 05S | 06S | 07S | 08S | MC30241-02S | MC30241-05S | MC30241-08S,NEEDS_MOLD_MASTER
MMCR-1405-0326,1405-مرداد-83,مرداد,84,83,قالب پخت کلاچ پیکان,قالب تعمیری,,ساخت Top Plate Botton plate guide rod Matrix stoper,وایر جا میل راهنما,,7602,mold,,1405/05/04,7,OK,,,,Repair mold record with blank MoldCode; automatic MoldCode assignment prohibited,OPEN,,,AMBIGUOUS_HISTORICAL_NAME,01S | 03S | 04S | 05S | 06S | 07S | 08S | MC30241-02S | MC30241-05S | MC30241-08S,NEEDS_MOLD_MASTER
MMCR-1405-0327,1405-مرداد-85,مرداد,86,85,قالب عقب F12,قالب تعمیری,,ساخت Matrix جدید,وایر,,7605,Matrix,1,1405/05/04,12,,,,,Repair mold record with blank MoldCode; automatic MoldCode assignment prohibited,OPEN,,,NO_HISTORICAL_MATCH,,MANUAL_REVIEW
MMCR-1405-0328,1405-مرداد-93,مرداد,94,93,قالب پخت کلاچ پیکان,قالب تعمیری,,ساخت Top Plate Botton plate guide rod Matrix stoper,بستن قالب,,مونتاژ,Mold,,1405/05/04,2,,,,,Repair mold record with blank MoldCode; automatic MoldCode assignment prohibited,OPEN,,,AMBIGUOUS_HISTORICAL_NAME,01S | 03S | 04S | 05S | 06S | 07S | 08S | MC30241-02S | MC30241-05S | MC30241-08S,NEEDS_MOLD_MASTER
MMCR-1405-0329,1405-مرداد-108,مرداد,109,108,قالب پخت کلاچ پیکان,قالب تعمیری,,اصلاح,Tapping,,مونتاژ,top Plate,3,1405/05/05,5,OK,,,,Repair mold record with blank MoldCode; automatic MoldCode assignment prohibited,OPEN,,,AMBIGUOUS_HISTORICAL_NAME,01S | 03S | 04S | 05S | 06S | 07S | 08S | MC30241-02S | MC30241-05S | MC30241-08S,NEEDS_MOLD_MASTER
MMCR-1405-0330,1405-مرداد-109,مرداد,110,109,قالب پخت کلاچ پیکان,قالب تعمیری,,اصلاح,Power Hacksaw Cutting,,8001,میل راهنما,,1405/05/05,2,OK,,,,Repair mold record with blank MoldCode; automatic MoldCode assignment prohibited,OPEN,,,AMBIGUOUS_HISTORICAL_NAME,01S | 03S | 04S | 05S | 06S | 07S | 08S | MC30241-02S | MC30241-05S | MC30241-08S,NEEDS_MOLD_MASTER
MMCR-1405-0331,1405-مرداد-121,مرداد,122,121,قالب پخت کلاچ پیکان,قالب تعمیری,,اصلاح,سوپاپ گذاری,,مونتاژ,Matrix,,1405/05/05,2.5,OK,,,,Repair mold record with blank MoldCode; automatic MoldCode assignment prohibited,OPEN,,,AMBIGUOUS_HISTORICAL_NAME,01S | 03S | 04S | 05S | 06S | 07S | 08S | MC30241-02S | MC30241-05S | MC30241-08S,NEEDS_MOLD_MASTER
MMCR-1405-0332,1405-مرداد-135,مرداد,136,135,قالب پخت کلاچ پژو 405,قالب تعمیری,,تعویض سوپاپ,تعویض,,مونتاژ,سوپاپ,,1405/05/06,3,OK,,,,Repair mold record with blank MoldCode; automatic MoldCode assignment prohibited,OPEN,,,AMBIGUOUS_HISTORICAL_NAME,01S | 02S | 03S | 07S | 10S | 11S | MC30243-04S | MC30243-07S,NEEDS_MOLD_MASTER
MMCR-1405-0333,1405-مرداد-145,مرداد,146,145,قالب پخت کلاچ پژو 405,قالب تعمیری,,ساخت Stop,سنگ زنی,,7301,Stop,,1405/05/06,4,OK,,,,Repair mold record with blank MoldCode; automatic MoldCode assignment prohibited,OPEN,,,AMBIGUOUS_HISTORICAL_NAME,01S | 02S | 03S | 07S | 10S | 11S | MC30243-04S | MC30243-07S,NEEDS_MOLD_MASTER
MMCR-1405-0334,1405-مرداد-199,مرداد,200,199,قالب پخت کلاچ پیکان,قالب تعمیری,,اصلاح,بستن قالب,,مونتاژ,mold,,1405/05/08,3,,,,,Repair mold record with blank MoldCode; automatic MoldCode assignment prohibited,OPEN,,,AMBIGUOUS_HISTORICAL_NAME,01S | 03S | 04S | 05S | 06S | 07S | 08S | MC30241-02S | MC30241-05S | MC30241-08S,NEEDS_MOLD_MASTER
MMCR-1405-0335,1405-مرداد-227,مرداد,228,227,قالب پخت کلاچ پیکان,قالب تعمیری,,,بستن قالب,,مونتاژ,mold,,1405/05/10,7.5,OK,,,,Repair mold record with blank MoldCode; automatic MoldCode assignment prohibited,OPEN,,,AMBIGUOUS_HISTORICAL_NAME,01S | 03S | 04S | 05S | 06S | 07S | 08S | MC30241-02S | MC30241-05S | MC30241-08S,NEEDS_MOLD_MASTER
MMCR-1405-0336,1405-مرداد-239,مرداد,240,239,قالب پخت کلاچ پیکان,قالب تعمیری,,,بستن قالب,,مونتاژ,mold,,1405/05/10,2,,,,,Repair mold record with blank MoldCode; automatic MoldCode assignment prohibited,OPEN,,,AMBIGUOUS_HISTORICAL_NAME,01S | 03S | 04S | 05S | 06S | 07S | 08S | MC30241-02S | MC30241-05S | MC30241-08S,NEEDS_MOLD_MASTER
MMCR-1405-0337,1405-مرداد-247,مرداد,248,247,قالب پخت کلاچ پیکان,قالب تعمیری,,,Tapping,,مونتاژ,رینگ,,1405/05/10,2,OK,,,,Repair mold record with blank MoldCode; automatic MoldCode assignment prohibited,OPEN,,,AMBIGUOUS_HISTORICAL_NAME,01S | 03S | 04S | 05S | 06S | 07S | 08S | MC30241-02S | MC30241-05S | MC30241-08S,NEEDS_MOLD_MASTER
MMCR-1405-0338,1405-مرداد-248,مرداد,249,248,قالب پخت کلاچ پیکان,قالب تعمیری,,,بستن,,مونتاژ,mold,,1405/05/10,2.5,,,,,Repair mold record with blank MoldCode; automatic MoldCode assignment prohibited,OPEN,,,AMBIGUOUS_HISTORICAL_NAME,01S | 03S | 04S | 05S | 06S | 07S | 08S | MC30241-02S | MC30241-05S | MC30241-08S,NEEDS_MOLD_MASTER
MMCR-1405-0339,1405-مرداد-254,مرداد,255,254,قالب پخت کلاچ پیکان,قالب تعمیری,,درخواست 2 عدد صفحه 5 سانتی جهت 2 قالب کلاچ,دورتراشی,,7103,top Plate,,1405/05/10,5,,,,,Repair mold record with blank MoldCode; automatic MoldCode assignment prohibited,OPEN,,,AMBIGUOUS_HISTORICAL_NAME,01S | 03S | 04S | 05S | 06S | 07S | 08S | MC30241-02S | MC30241-05S | MC30241-08S,NEEDS_MOLD_MASTER
MMCR-1405-0340,1405-مرداد-228,مرداد,229,228,قالب پخت کلاچ پیکان,قالب تعمیری,,,بستن قالب دوم,,مونتاژ,mold,,1405/05/11,7.5,OK,,,,Repair mold record with blank MoldCode; automatic MoldCode assignment prohibited,OPEN,,,AMBIGUOUS_HISTORICAL_NAME,01S | 03S | 04S | 05S | 06S | 07S | 08S | MC30241-02S | MC30241-05S | MC30241-08S,NEEDS_MOLD_MASTER
MMCR-1405-0341,1405-مرداد-252,مرداد,253,252,قالب پخت کلاچ پیکان,قالب تعمیری,,,بستن,,مونتاژ,mold,,1405/05/11,2.5,,,,,Repair mold record with blank MoldCode; automatic MoldCode assignment prohibited,OPEN,,,AMBIGUOUS_HISTORICAL_NAME,01S | 03S | 04S | 05S | 06S | 07S | 08S | MC30241-02S | MC30241-05S | MC30241-08S,NEEDS_MOLD_MASTER
MMCR-1405-0342,1405-مرداد-255,مرداد,256,255,قالب پخت کلاچ پیکان,قالب تعمیری,,درخواست 2 عدد صفحه 5 سانتی جهت 2 قالب کلاچ,دورتراشی,,7103,top Plate,,1405/05/11,7.5,OK,,,,Repair mold record with blank MoldCode; automatic MoldCode assignment prohibited,OPEN,,,AMBIGUOUS_HISTORICAL_NAME,01S | 03S | 04S | 05S | 06S | 07S | 08S | MC30241-02S | MC30241-05S | MC30241-08S,NEEDS_MOLD_MASTER
MMCR-1405-0343,1405-مرداد-257,مرداد,258,257,قالب پخت کلاچ پژو 405,قالب تعمیری,,ساخت Stop,بستن قالب,,مونتاژ,mold,,1405/05/12,2,OK,,,,Repair mold record with blank MoldCode; automatic MoldCode assignment prohibited,OPEN,,,AMBIGUOUS_HISTORICAL_NAME,01S | 02S | 03S | 07S | 10S | 11S | MC30243-04S | MC30243-07S,NEEDS_MOLD_MASTER
MMCR-1405-0344,1405-مرداد-258,مرداد,259,258,قالب پخت کلاچ پژو 405,قالب تعمیری,,ساخت Stop,سوپاپ گذاری,,مونتاژ,سوپاپ,,1405/05/12,3.5,OK,,,,Repair mold record with blank MoldCode; automatic MoldCode assignment prohibited,OPEN,,,AMBIGUOUS_HISTORICAL_NAME,01S | 02S | 03S | 07S | 10S | 11S | MC30243-04S | MC30243-07S,NEEDS_MOLD_MASTER
MMCR-1405-0345,1405-مرداد-261,مرداد,262,261,قالب پخت کلاچ پژو 405,قالب تعمیری,,ساخت Stop,بستن قالب,,مونتاژ,mold,,1405/05/12,2,OK,,,,Repair mold record with blank MoldCode; automatic MoldCode assignment prohibited,OPEN,,,AMBIGUOUS_HISTORICAL_NAME,01S | 02S | 03S | 07S | 10S | 11S | MC30243-04S | MC30243-07S,NEEDS_MOLD_MASTER
MMCR-1405-0346,1405-مرداد-262,مرداد,263,262,قالب پخت کلاچ پژو 405,قالب تعمیری,,ساخت Stop,سوپاپ گذاری,,مونتاژ,سوپاپ,,1405/05/12,2,OK,,,,Repair mold record with blank MoldCode; automatic MoldCode assignment prohibited,OPEN,,,AMBIGUOUS_HISTORICAL_NAME,01S | 02S | 03S | 07S | 10S | 11S | MC30243-04S | MC30243-07S,NEEDS_MOLD_MASTER
MMCR-1405-0347,1405-مرداد-266,مرداد,267,266,قالب پخت کلاچ پژو 405,قالب تعمیری,,ساخت Stop,بستن قالب,,مونتاژ,mold,,1405/05/12,2,OK,,,,Repair mold record with blank MoldCode; automatic MoldCode assignment prohibited,OPEN,,,AMBIGUOUS_HISTORICAL_NAME,01S | 02S | 03S | 07S | 10S | 11S | MC30243-04S | MC30243-07S,NEEDS_MOLD_MASTER
MMCR-1405-0348,1405-مرداد-267,مرداد,268,267,قالب پخت کلاچ پژو 405,قالب تعمیری,,ساخت Stop,سوپاپ گذاری,,مونتاژ,سوپاپ,,1405/05/12,1,OK,,,,Repair mold record with blank MoldCode; automatic MoldCode assignment prohibited,OPEN,,,AMBIGUOUS_HISTORICAL_NAME,01S | 02S | 03S | 07S | 10S | 11S | MC30243-04S | MC30243-07S,NEEDS_MOLD_MASTER
MMCR-1405-0349,1405-مرداد-273,مرداد,274,273,قالب پخت کلاچ پژو 405,قالب تعمیری,,واسطه,Turning,,7301,واسطه,,1405/05/13,3,,,,,Repair mold record with blank MoldCode; automatic MoldCode assignment prohibited,OPEN,,,AMBIGUOUS_HISTORICAL_NAME,01S | 02S | 03S | 07S | 10S | 11S | MC30243-04S | MC30243-07S,NEEDS_MOLD_MASTER
MMCR-1405-0350,1405-مرداد-283,مرداد,284,283,قالب پخت کلاچ پژو 405,قالب تعمیری,,ساخت Stop,Grinding,,7501,Stop,,1405/05/14,2,,,,,Repair mold record with blank MoldCode; automatic MoldCode assignment prohibited,OPEN,,,AMBIGUOUS_HISTORICAL_NAME,01S | 02S | 03S | 07S | 10S | 11S | MC30243-04S | MC30243-07S,NEEDS_MOLD_MASTER
MMCR-1405-0351,1405-مرداد-277,مرداد,278,277,قالب پخت کلاچ پژو 405,قالب تعمیری,,ساخت Stop,Turning,,7301,Stop,,1405/05/16,4.666666666666667,OK,,,,Repair mold record with blank MoldCode; automatic MoldCode assignment prohibited,OPEN,,,AMBIGUOUS_HISTORICAL_NAME,01S | 02S | 03S | 07S | 10S | 11S | MC30243-04S | MC30243-07S,NEEDS_MOLD_MASTER
MMCR-1405-0352,1405-مرداد-278,مرداد,279,278,قالب پخت کلاچ پژو 405,قالب تعمیری,,ساخت Stop,Power Hacksaw Cutting,,8001,Stop,,1405/05/16,7.5,OK,,,,Repair mold record with blank MoldCode; automatic MoldCode assignment prohibited,OPEN,,,AMBIGUOUS_HISTORICAL_NAME,01S | 02S | 03S | 07S | 10S | 11S | MC30243-04S | MC30243-07S,NEEDS_MOLD_MASTER
MMCR-1405-0353,1405-مرداد-280,مرداد,281,280,قالب پخت کلاچ پژو 405,قالب تعمیری,,ساخت Stop,Grinding,,7501,Stop,,1405/05/16,4.5,,,,,Repair mold record with blank MoldCode; automatic MoldCode assignment prohibited,OPEN,,,AMBIGUOUS_HISTORICAL_NAME,01S | 02S | 03S | 07S | 10S | 11S | MC30243-04S | MC30243-07S,NEEDS_MOLD_MASTER
MMCR-1405-0354,1405-مرداد-406,مرداد,407,406,قالب پخت کلاچ پژو 405,قالب تعمیری,,مونتاژ قالب,Assambly,,دمونتاژ,Mold,,1405/05/20,2,OK,,,,Repair mold record with blank MoldCode; automatic MoldCode assignment prohibited,OPEN,,,AMBIGUOUS_HISTORICAL_NAME,01S | 02S | 03S | 07S | 10S | 11S | MC30243-04S | MC30243-07S,NEEDS_MOLD_MASTER
MMCR-1405-0355,1405-مرداد-407,مرداد,408,407,قالب پخت کلاچ پیکان,قالب تعمیری,,سنگ زنی سنبه,Assambly,,دمونتاژ,Mold,,1405/05/20,2,,,,,Repair mold record with blank MoldCode; automatic MoldCode assignment prohibited,OPEN,,,AMBIGUOUS_HISTORICAL_NAME,01S | 03S | 04S | 05S | 06S | 07S | 08S | MC30241-02S | MC30241-05S | MC30241-08S,NEEDS_MOLD_MASTER
MMCR-1405-0356,1405-مرداد-401,مرداد,402,401,قالب پخت کلاچ پیکان,قالب تعمیری,,سنگ زنی سنبه,Grinding,,7501,Mandrel,,1405/05/21,2,OK,,,,Repair mold record with blank MoldCode; automatic MoldCode assignment prohibited,OPEN,,,AMBIGUOUS_HISTORICAL_NAME,01S | 03S | 04S | 05S | 06S | 07S | 08S | MC30241-02S | MC30241-05S | MC30241-08S,NEEDS_MOLD_MASTER
MMCR-1405-0357,1405-مرداد-402,مرداد,403,402,قالب پخت کلاچ پژو 405,قالب تعمیری,,سنگ زنی سنبه,Grinding,,7501,Mandrel,,1405/05/21,2,OK,,,,Repair mold record with blank MoldCode; automatic MoldCode assignment prohibited,OPEN,,,AMBIGUOUS_HISTORICAL_NAME,01S | 02S | 03S | 07S | 10S | 11S | MC30243-04S | MC30243-07S,NEEDS_MOLD_MASTER
MMCR-1405-0358,1405-مرداد-409,مرداد,410,409,قالب پخت کلاچ پژو 405,قالب تعمیری,,سنگ زنی سنبه,Assambly,,دمونتاژ,Mold,,1405/05/21,2,,,,,Repair mold record with blank MoldCode; automatic MoldCode assignment prohibited,OPEN,,,AMBIGUOUS_HISTORICAL_NAME,01S | 02S | 03S | 07S | 10S | 11S | MC30243-04S | MC30243-07S,NEEDS_MOLD_MASTER
MMCR-1405-0359,1405-مرداد-427,مرداد,428,427,قالب پخت کلاچ پژو 405,قالب تعمیری,,اصلاح,Turning,,7103,top Plate,,1405/05/24,2.5,OK,,,,Repair mold record with blank MoldCode; automatic MoldCode assignment prohibited,OPEN,,,AMBIGUOUS_HISTORICAL_NAME,01S | 02S | 03S | 07S | 10S | 11S | MC30243-04S | MC30243-07S,NEEDS_MOLD_MASTER
MMCR-1405-0360,1405-مرداد-428,مرداد,429,428,قالب پخت کلاچ پژو 405,قالب تعمیری,,اصلاح,Turning,,7101,top Plate,,1405/05/24,2.5,,,,,Repair mold record with blank MoldCode; automatic MoldCode assignment prohibited,OPEN,,,AMBIGUOUS_HISTORICAL_NAME,01S | 02S | 03S | 07S | 10S | 11S | MC30243-04S | MC30243-07S,NEEDS_MOLD_MASTER
MMCR-1405-0361,1405-مرداد-447,مرداد,448,447,قالب پخت کلاچ پژو 405,قالب تعمیری,,ساخت پیچ واسطه,Turning,,7301,پیچ واسطه,,1405/05/24,4,OK,,,,Repair mold record with blank MoldCode; automatic MoldCode assignment prohibited,OPEN,,,AMBIGUOUS_HISTORICAL_NAME,01S | 02S | 03S | 07S | 10S | 11S | MC30243-04S | MC30243-07S,NEEDS_MOLD_MASTER
MMCR-1405-0362,1405-مرداد-452,مرداد,453,452,قالب پخت کلاچ پژو 405,قالب تعمیری,,سنگ زنی صفح کلاچ پژو,Grinding,,7502,top Plate,,1405/05/24,2,,,,,Repair mold record with blank MoldCode; automatic MoldCode assignment prohibited,OPEN,,,AMBIGUOUS_HISTORICAL_NAME,01S | 02S | 03S | 07S | 10S | 11S | MC30243-04S | MC30243-07S,NEEDS_MOLD_MASTER
MMCR-1405-0363,1405-مرداد-460,مرداد,461,460,قالب پخت کلاچ پژو 405,قالب تعمیری,,سنگ زنی صفح کلاچ پژو,Assambly,,مونتاژ,Mold,,1405/05/25,1.5,,,,,Repair mold record with blank MoldCode; automatic MoldCode assignment prohibited,OPEN,,,AMBIGUOUS_HISTORICAL_NAME,01S | 02S | 03S | 07S | 10S | 11S | MC30243-04S | MC30243-07S,NEEDS_MOLD_MASTER
MMCR-1405-0364,1405-مرداد-466,مرداد,467,466,قالب پخت کلاچ پژو 405,قالب تعمیری,,سنگ زنی صفح کلاچ پژو,Grinding,,7502,top Plate,,1405/05/25,9,OK,,,,Repair mold record with blank MoldCode; automatic MoldCode assignment prohibited,OPEN,,,AMBIGUOUS_HISTORICAL_NAME,01S | 02S | 03S | 07S | 10S | 11S | MC30243-04S | MC30243-07S,NEEDS_MOLD_MASTER
MMCR-1405-0365,1405-مرداد-481,مرداد,482,481,قالب پخت کلاچ پژو 405,قالب تعمیری,,وایر جا میل راهنما,وایر,,7604,Mold,,1405/05/25,6,,,,,Repair mold record with blank MoldCode; automatic MoldCode assignment prohibited,OPEN,,,AMBIGUOUS_HISTORICAL_NAME,01S | 02S | 03S | 07S | 10S | 11S | MC30243-04S | MC30243-07S,NEEDS_MOLD_MASTER
MMCR-1405-0366,1405-مرداد-508,مرداد,509,508,قالب پخت کلاچ پژو 405,قالب تعمیری,,سنگ زنی صفح کلاچ پژو,Assambly,,دمونتاژ,Mold,,1405/05/26,3,,,,,Repair mold record with blank MoldCode; automatic MoldCode assignment prohibited,OPEN,,,AMBIGUOUS_HISTORICAL_NAME,01S | 02S | 03S | 07S | 10S | 11S | MC30243-04S | MC30243-07S,NEEDS_MOLD_MASTER
MMCR-1405-0367,1405-مرداد-524,مرداد,525,524,قالب پخت کلاچ پژو 405,قالب تعمیری,,تعویض سوپاپ,Assambly,,دمونتاژ,Pin,,1405/05/26,3,OK,,,,Repair mold record with blank MoldCode; automatic MoldCode assignment prohibited,OPEN,,,AMBIGUOUS_HISTORICAL_NAME,01S | 02S | 03S | 07S | 10S | 11S | MC30243-04S | MC30243-07S,NEEDS_MOLD_MASTER
MMCR-1405-0368,1405-مرداد-536,مرداد,537,536,قالب پخت کلاچ پژو 405,قالب تعمیری,,وایر جا میل راهنما,وایر,,7604,Mold,,1405/05/26,12,,,,,Repair mold record with blank MoldCode; automatic MoldCode assignment prohibited,OPEN,,,AMBIGUOUS_HISTORICAL_NAME,01S | 02S | 03S | 07S | 10S | 11S | MC30243-04S | MC30243-07S,NEEDS_MOLD_MASTER
MMCR-1405-0369,1405-مرداد-514,مرداد,515,514,قالب پخت کلاچ پژو 405,قالب تعمیری,,تعویض سوپاپ,Assambly,,دمونتاژ,Mold,,1405/05/27,2,,,,,Repair mold record with blank MoldCode; automatic MoldCode assignment prohibited,OPEN,,,AMBIGUOUS_HISTORICAL_NAME,01S | 02S | 03S | 07S | 10S | 11S | MC30243-04S | MC30243-07S,NEEDS_MOLD_MASTER
MMCR-1405-0370,1405-مرداد-515,مرداد,516,515,قالب مترو مشهد,قالب تعمیری,1722,سنگ زدن قالب تعویض صفحات زیر و رو,Assambly,,دمونتاژ,Mold,,1405/05/27,3,,,,,Repair mold record with blank MoldCode; automatic MoldCode assignment prohibited,OPEN,,,HISTORICAL_EXACT_NAME_REQUEST,1,VERIFY_HISTORY_THEN_ASSIGN
MMCR-1405-0371,1405-مرداد-528,مرداد,529,528,قالب پخت کلاچ پژو 405,قالب تعمیری,,تعویض سوپاپ,Assambly,,دمونتاژ,سوپاپ,,1405/05/27,2.5,OK,,,,Repair mold record with blank MoldCode; automatic MoldCode assignment prohibited,OPEN,,,AMBIGUOUS_HISTORICAL_NAME,01S | 02S | 03S | 07S | 10S | 11S | MC30243-04S | MC30243-07S,NEEDS_MOLD_MASTER
MMCR-1405-0372,1405-مرداد-531,مرداد,532,531,قالب پخت کلاچ پژو 405,قالب تعمیری,,تعویض سوپاپ,Drilling,,7401,top Plate,,1405/05/27,1,OK,,,,Repair mold record with blank MoldCode; automatic MoldCode assignment prohibited,OPEN,,,AMBIGUOUS_HISTORICAL_NAME,01S | 02S | 03S | 07S | 10S | 11S | MC30243-04S | MC30243-07S,NEEDS_MOLD_MASTER
MMCR-1405-0373,1405-مرداد-541,مرداد,542,541,قالب پخت کلاچ پژو 405,قالب تعمیری,,وایر جا میل راهنما,وایر,,7604,Mold,,1405/05/27,3,,,,,Repair mold record with blank MoldCode; automatic MoldCode assignment prohibited,OPEN,,,AMBIGUOUS_HISTORICAL_NAME,01S | 02S | 03S | 07S | 10S | 11S | MC30243-04S | MC30243-07S,NEEDS_MOLD_MASTER
MMCR-1405-0374,1405-مرداد-559,مرداد,560,559,قالب مترو مشهد,قالب تعمیری,1722,سنگ زدن قالب تعویض صفحات زیر و رو,Grinding,,7501,Matrix,,1405/05/28,4,OK,,,,Repair mold record with blank MoldCode; automatic MoldCode assignment prohibited,OPEN,,,HISTORICAL_EXACT_NAME_REQUEST,1,VERIFY_HISTORY_THEN_ASSIGN
MMCR-1405-0375,1405-مرداد-560,مرداد,561,560,قالب مترو مشهد,قالب تعمیری,1722,سنگ زدن قالب تعویض صفحات زیر و رو,Grinding,,7501,Mandrel,,1405/05/28,4,OK,,,,Repair mold record with blank MoldCode; automatic MoldCode assignment prohibited,OPEN,,,HISTORICAL_EXACT_NAME_REQUEST,1,VERIFY_HISTORY_THEN_ASSIGN
MMCR-1405-0376,1405-مرداد-578,مرداد,579,578,قالب پخت کلاچ,قالب تعمیری,,ساخت صفحه های قالب پخت بعلت تابیدگی صفحات قالب,Turning,,7102,top Plate,,1405/05/29,7.5,OK,,,,Repair mold record with blank MoldCode; automatic MoldCode assignment prohibited,OPEN,,,NO_HISTORICAL_MATCH,,MANUAL_REVIEW
MMCR-1405-0377,1405-مرداد-600,مرداد,601,600,قالب پخت کلاچ,قالب تعمیری,,ساخت صفحه های قالب پخت بعلت تابیدگی صفحات قالب,Turning,,7102,top Plate,,1405/05/31,11,OK,,,,Repair mold record with blank MoldCode; automatic MoldCode assignment prohibited,OPEN,,,NO_HISTORICAL_MATCH,,MANUAL_REVIEW
MMCR-1405-0378,1405-مرداد-603,مرداد,604,603,قالب پخت کلاچ,قالب تعمیری,,ساخت صفحه های قالب پخت بعلت تابیدگی صفحات قالب,کفتراشی,,7103,top Plate,,1405/05/31,0.5,,,,,Repair mold record with blank MoldCode; automatic MoldCode assignment prohibited,OPEN,,,NO_HISTORICAL_MATCH,,MANUAL_REVIEW
MMCR-1405-0379,1405-شهریور-4,شهریور,5,4,قالب پخت کلاچ,قالب تعمیری,,ساخت صفحه های قالب پخت بعلت تابیدگی صفحات قالب,Turning,,7102,top Plate,,1405/06/01,11,OK,,,,Repair mold record with blank MoldCode; automatic MoldCode assignment prohibited,OPEN,,,NO_HISTORICAL_MATCH,,MANUAL_REVIEW
MMCR-1405-0380,1405-شهریور-5,شهریور,6,5,قالب پخت کلاچ,قالب تعمیری,,ساخت صفحه های قالب پخت بعلت تابیدگی صفحات قالب,کفتراشی,,7103,top Plate,,1405/06/01,6.5,OK,,,,Repair mold record with blank MoldCode; automatic MoldCode assignment prohibited,OPEN,,,NO_HISTORICAL_MATCH,,MANUAL_REVIEW
MMCR-1405-0381,1405-شهریور-36,شهریور,37,36,قالب پخت کلاچ,قالب تعمیری,,کفتراشی صفحه دومی,کفتراشی,,7101,Top plate,,1405/06/01,4.5,OK,,,,Repair mold record with blank MoldCode; automatic MoldCode assignment prohibited,OPEN,,,NO_HISTORICAL_MATCH,,MANUAL_REVIEW
MMCR-1405-0382,1405-شهریور-38,شهریور,39,38,قالب پخت کلاچ,قالب تعمیری,,کفتراشی صفحه 3,کفتراشی,,7101,Top plate,,1405/06/01,3,,,,,Repair mold record with blank MoldCode; automatic MoldCode assignment prohibited,OPEN,,,NO_HISTORICAL_MATCH,,MANUAL_REVIEW
MMCR-1405-0383,1405-شهریور-7,شهریور,8,7,قالب پخت کلاچ,قالب تعمیری,,ساخت صفحه های قالب پخت بعلت تابیدگی صفحات قالب,کفتراشی,,7103,top Plate,,1405/06/02,1.75,,,,,Repair mold record with blank MoldCode; automatic MoldCode assignment prohibited,OPEN,,,NO_HISTORICAL_MATCH,,MANUAL_REVIEW
MMCR-1405-0384,1405-شهریور-31,شهریور,32,31,قالب پخت کلاچ,قالب تعمیری,,ساخت صفحه های قالب پخت بعلت تابیدگی صفحات قالب,Turning,,7502,Top plate,,1405/06/02,5,,,,,Repair mold record with blank MoldCode; automatic MoldCode assignment prohibited,OPEN,,,NO_HISTORICAL_MATCH,,MANUAL_REVIEW
MMCR-1405-0385,1405-شهریور-39,شهریور,40,39,قالب پخت کلاچ,قالب تعمیری,,کفتراشی صفحه 3,کفتراشی,,7101,Top plate,,1405/06/02,3.5,OK,,,,Repair mold record with blank MoldCode; automatic MoldCode assignment prohibited,OPEN,,,NO_HISTORICAL_MATCH,,MANUAL_REVIEW
MMCR-1405-0386,1405-شهریور-40,شهریور,41,40,قالب پخت کلاچ,قالب تعمیری,,کفتراشی صفحه 4,کفتراشی,,7101,Top plate,,1405/06/02,4.5,OK,,,,Repair mold record with blank MoldCode; automatic MoldCode assignment prohibited,OPEN,,,NO_HISTORICAL_MATCH,,MANUAL_REVIEW
MMCR-1405-0387,1405-شهریور-41,شهریور,42,41,قالب پخت کلاچ,قالب تعمیری,,کفتراشی صفحه 5,کفتراشی,,7101,Top plate,,1405/06/02,3,OK,,,,Repair mold record with blank MoldCode; automatic MoldCode assignment prohibited,OPEN,,,NO_HISTORICAL_MATCH,,MANUAL_REVIEW
MMCR-1405-0388,1405-شهریور-51,شهریور,52,51,قالب پخت کلاچ پژو 405,قالب تعمیری,,پیچ بریدگی,سوراخکاری,,7401,Top plate,,1405/06/03,0.5,,,,,Repair mold record with blank MoldCode; automatic MoldCode assignment prohibited,OPEN,,,AMBIGUOUS_HISTORICAL_NAME,01S | 02S | 03S | 07S | 10S | 11S | MC30243-04S | MC30243-07S,NEEDS_MOLD_MASTER
MMCR-1405-0389,1405-شهریور-59,شهریور,60,59,قالب پخت کلاچ,قالب تعمیری,,صفحه 2 (4 سانتی جدید),سنگ زنی,,7502,Top plate,,1405/06/03,7,,,,,Repair mold record with blank MoldCode; automatic MoldCode assignment prohibited,OPEN,,,NO_HISTORICAL_MATCH,,MANUAL_REVIEW
MMCR-1405-0390,1405-شهریور-65,شهریور,66,65,قالب پخت کلاچ,قالب تعمیری,,صفحه 6 (4 سانتی جدید),کفتراشی,,7101,Top plate,,1405/06/03,4.5,OK,,,,Repair mold record with blank MoldCode; automatic MoldCode assignment prohibited,OPEN,,,NO_HISTORICAL_MATCH,,MANUAL_REVIEW
MMCR-1405-0391,1405-شهریور-66,شهریور,67,66,قالب پخت کلاچ,قالب تعمیری,,صفحه 7 (4 سانتی جدید),کفتراشی,,7101,Top plate,,1405/06/03,4.5,OK,,,,Repair mold record with blank MoldCode; automatic MoldCode assignment prohibited,OPEN,,,NO_HISTORICAL_MATCH,,MANUAL_REVIEW
MMCR-1405-0392,1405-شهریور-72,شهریور,73,72,قالب پخت کلاچ,قالب تعمیری,,صفحه 5 (4 سانتی جدید),دورتراشی,,7102,Top plate,,1405/06/03,11,OK,,,,Repair mold record with blank MoldCode; automatic MoldCode assignment prohibited,OPEN,,,NO_HISTORICAL_MATCH,,MANUAL_REVIEW
MMCR-1405-0393,1405-شهریور-74,شهریور,75,74,قالب پخت کلاچ,قالب تعمیری,,صفحه 5 (4 سانتی جدید),کفتراشی,,7103,Top plate,,1405/06/03,6.5,OK,,,,Repair mold record with blank MoldCode; automatic MoldCode assignment prohibited,OPEN,,,NO_HISTORICAL_MATCH,,MANUAL_REVIEW
MMCR-1405-0394,1405-شهریور-76,شهریور,77,76,قالب پخت کلاچ پیکان,قالب تعمیری,,ساخت پین پران جهت قالب,کفتراشی و سوراخکاری,,7301,پین پران,,1405/06/03,4,OK,,,,Repair mold record with blank MoldCode; automatic MoldCode assignment prohibited,OPEN,,,AMBIGUOUS_HISTORICAL_NAME,01S | 03S | 04S | 05S | 06S | 07S | 08S | MC30241-02S | MC30241-05S | MC30241-08S,NEEDS_MOLD_MASTER
MMCR-1405-0395,1405-شهریور-61,شهریور,62,61,قالب پخت کلاچ,قالب تعمیری,,صفحه 2 (4 سانتی جدید),سنگ زنی,,7502,Top plate,,1405/06/04,6,OK,,,,Repair mold record with blank MoldCode; automatic MoldCode assignment prohibited,OPEN,,,NO_HISTORICAL_MATCH,,MANUAL_REVIEW
MMCR-1405-0396,1405-شهریور-71,شهریور,72,71,قالب پخت کلاچ,قالب تعمیری,,صفحه 8 (4 سانتی جدید),کفتراشی,,7101,Top plate,,1405/06/04,2,OK,,,,Repair mold record with blank MoldCode; automatic MoldCode assignment prohibited,OPEN,,,NO_HISTORICAL_MATCH,,MANUAL_REVIEW
MMCR-1405-0397,1405-شهریور-73,شهریور,74,73,قالب پخت کلاچ,قالب تعمیری,,صفحه 6 (4 سانتی جدید),دورتراشی,,7102,Top plate,,1405/06/04,11,OK,,,,Repair mold record with blank MoldCode; automatic MoldCode assignment prohibited,OPEN,,,NO_HISTORICAL_MATCH,,MANUAL_REVIEW
MMCR-1405-0398,1405-شهریور-75,شهریور,76,75,قالب پخت کلاچ,قالب تعمیری,,صفحه 6 (4 سانتی جدید),کفتراشی,,7103,Top plate,,1405/06/04,6.5,,,,,Repair mold record with blank MoldCode; automatic MoldCode assignment prohibited,OPEN,,,NO_HISTORICAL_MATCH,,MANUAL_REVIEW
MMCR-1405-0399,1405-شهریور-105,شهریور,106,105,قالب پخت کلاچ,قالب تعمیری,,صفحه 7 (4 سانتی جدید),کفتراشی,,7101,Top plate,,1405/06/07,3.5,OK,,,,Repair mold record with blank MoldCode; automatic MoldCode assignment prohibited,OPEN,,,NO_HISTORICAL_MATCH,,MANUAL_REVIEW
MMCR-1405-0400,1405-شهریور-106,شهریور,107,106,قالب پخت کلاچ,قالب تعمیری,,صفحه 8 (4 سانتی جدید),کفتراشی,,7101,Top plate,,1405/06/07,4,OK,,,,Repair mold record with blank MoldCode; automatic MoldCode assignment prohibited,OPEN,,,NO_HISTORICAL_MATCH,,MANUAL_REVIEW
MMCR-1405-0401,1405-شهریور-107,شهریور,108,107,قالب پخت کلاچ,قالب تعمیری,,صفحه 9 (4 سانتی جدید),کفتراشی,,7101,Top plate,,1405/06/07,3.5,OK,,,,Repair mold record with blank MoldCode; automatic MoldCode assignment prohibited,OPEN,,,NO_HISTORICAL_MATCH,,MANUAL_REVIEW
MMCR-1405-0402,1405-شهریور-108,شهریور,109,108,قالب پخت کلاچ,قالب تعمیری,,صفحه 5 (4 سانتی جدید),سنگ زنی,,7502,Top plate,,1405/06/07,4,OK,,,,Repair mold record with blank MoldCode; automatic MoldCode assignment prohibited,OPEN,,,NO_HISTORICAL_MATCH,,MANUAL_REVIEW
MMCR-1405-0403,1405-شهریور-115,شهریور,116,115,قالب پخت کلاچ,قالب تعمیری,,صفحه 5 (4 سانتی جدید),کفتراشی,,7103,Top plate,,1405/06/07,6.5,,,,,Repair mold record with blank MoldCode; automatic MoldCode assignment prohibited,OPEN,,,NO_HISTORICAL_MATCH,,MANUAL_REVIEW
MMCR-1405-0404,1405-شهریور-121,شهریور,122,121,قالب پخت کلاچ پژو 405,قالب تعمیری,,پیچ بریدگی,Turning,,7202,bottom plate,,1405/06/07,8.5,OK,,,,Repair mold record with blank MoldCode; automatic MoldCode assignment prohibited,OPEN,,,AMBIGUOUS_HISTORICAL_NAME,01S | 02S | 03S | 07S | 10S | 11S | MC30243-04S | MC30243-07S,NEEDS_MOLD_MASTER
MMCR-1405-0405,1405-شهریور-122,شهریور,123,122,قالب پخت کلاچ,قالب تعمیری,,صفحه 7 (4 سانتی جدید),دورتراشی,,7102,Top plate,,1405/06/07,11,,,,,Repair mold record with blank MoldCode; automatic MoldCode assignment prohibited,OPEN,,,NO_HISTORICAL_MATCH,,MANUAL_REVIEW
MMCR-1405-0406,1405-شهریور-123,شهریور,124,123,قالب پخت کلاچ,قالب تعمیری,,صفحه 7 (4 سانتی جدید),دورتراشی,,7102,Top plate,,1405/06/09,11,OK,,,,Repair mold record with blank MoldCode; automatic MoldCode assignment prohibited,OPEN,,,NO_HISTORICAL_MATCH,,MANUAL_REVIEW
MMCR-1405-0407,1405-شهریور-124,شهریور,125,124,قالب پخت کلاچ,قالب تعمیری,,صفحه 5 (4 سانتی جدید),کفتراشی,,7103,Top plate,,1405/06/09,6.5,OK,,,,Repair mold record with blank MoldCode; automatic MoldCode assignment prohibited,OPEN,,,NO_HISTORICAL_MATCH,,MANUAL_REVIEW
MMCR-1405-0408,1405-شهریور-125,شهریور,126,125,قالب پخت کلاچ,قالب تعمیری,,صفحه 10 (4 سانتی جدید),کفتراشی,,7101,Top plate,,1405/06/09,5.5,OK,,,,Repair mold record with blank MoldCode; automatic MoldCode assignment prohibited,OPEN,,,NO_HISTORICAL_MATCH,,MANUAL_REVIEW
MMCR-1405-0409,1405-شهریور-136,شهریور,137,136,قالب پخت کلاچ پژو 405,قالب تعمیری,,پیچ بریدگی,Turning,,7202,bottom plate,,1405/06/09,11,OK,,,,Repair mold record with blank MoldCode; automatic MoldCode assignment prohibited,OPEN,,,AMBIGUOUS_HISTORICAL_NAME,01S | 02S | 03S | 07S | 10S | 11S | MC30243-04S | MC30243-07S,NEEDS_MOLD_MASTER
MMCR-1405-0410,1405-شهریور-151,شهریور,152,151,قالب مترو مشهد,قالب تعمیری,1722,سنگ زدن قالب تعویض صفحات زیر و رو,قلاویزکاری,,مونتاژ,صفحه,,1405/06/10,3,OK,,,,Repair mold record with blank MoldCode; automatic MoldCode assignment prohibited,OPEN,,,HISTORICAL_EXACT_NAME_REQUEST,1,VERIFY_HISTORY_THEN_ASSIGN
MMCR-1405-0411,1405-شهریور-164,شهریور,165,164,قالب پخت کلاچ,قالب تعمیری,,صفحه 6 (4 سانتی جدید),کفتراشی,,7103,Top plate,,1405/06/10,6.5,OK,,,,Repair mold record with blank MoldCode; automatic MoldCode assignment prohibited,OPEN,,,NO_HISTORICAL_MATCH,,MANUAL_REVIEW
MMCR-1405-0412,1405-شهریور-184,شهریور,185,184,قالب پخت کلاچ,قالب تعمیری,,صفحه 8 (4 سانتی جدید),دورتراشی,,7102,Top plate,,1405/06/11,11,OK,,,,Repair mold record with blank MoldCode; automatic MoldCode assignment prohibited,OPEN,,,NO_HISTORICAL_MATCH,,MANUAL_REVIEW
MMCR-1405-0413,1405-شهریور-261,شهریور,262,261,قالب مترو مشهد,قالب تعمیری,1722,سنگ زدن قالب تعویض صفحات زیر و رو,سوراخکاری,,7401,صفحه,,1405/06/11,4,OK,,1405/06/16,NC,Repair mold record with blank MoldCode; automatic MoldCode assignment prohibited,OPEN,,,HISTORICAL_EXACT_NAME_REQUEST,1,VERIFY_HISTORY_THEN_ASSIGN
MMCR-1405-0414,1405-شهریور-208,شهریور,209,208,قالب پخت کلاچ,قالب تعمیری,,2 صفحه سفارش داده شده 500*500 آهن,کفتراشی,,7101,Top plate,,1405/06/14,5.5,,,,,Repair mold record with blank MoldCode; automatic MoldCode assignment prohibited,OPEN,,,NO_HISTORICAL_MATCH,,MANUAL_REVIEW
MMCR-1405-0415,1405-شهریور-209,شهریور,210,209,قالب پخت کلاچ,قالب تعمیری,,صفحه 8 (4 سانتی جدید),دورتراشی,,7102,Top plate,,1405/06/14,11,,,,,Repair mold record with blank MoldCode; automatic MoldCode assignment prohibited,OPEN,,,NO_HISTORICAL_MATCH,,MANUAL_REVIEW
MMCR-1405-0416,1405-شهریور-229,شهریور,230,229,قالب پخت کلاچ,قالب تعمیری,,صفحه 6 (4 سانتی جدید),سنگ زنی,,7502,Top plate,,1405/06/14,4,,,,,Repair mold record with blank MoldCode; automatic MoldCode assignment prohibited,OPEN,,,NO_HISTORICAL_MATCH,,MANUAL_REVIEW
MMCR-1405-0417,1405-شهریور-234,شهریور,235,234,قالب پخت کلاچ,قالب تعمیری,,صفحه 8 (4 سانتی جدید),دورتراشی,,7102,Top plate,,1405/06/15,11,,,,,Repair mold record with blank MoldCode; automatic MoldCode assignment prohibited,OPEN,,,NO_HISTORICAL_MATCH,,MANUAL_REVIEW
MMCR-1405-0418,1405-شهریور-240,شهریور,241,240,قالب پخت کلاچ,قالب تعمیری,,2 صفحه سفارش داده شده 500*500 آهن,کفتراشی,,7101,Top plate,,1405/06/15,5.5,,,,,Repair mold record with blank MoldCode; automatic MoldCode assignment prohibited,OPEN,,,NO_HISTORICAL_MATCH,,MANUAL_REVIEW
MMCR-1405-0419,1405-شهریور-247,شهریور,248,247,قالب پخت کلاچ,قالب تعمیری,,صفحه 6 (4 سانتی جدید),سنگ زنی,,7502,Top plate,,1405/06/15,3,,,,,Repair mold record with blank MoldCode; automatic MoldCode assignment prohibited,OPEN,,,NO_HISTORICAL_MATCH,,MANUAL_REVIEW
MMCR-1405-0420,1405-شهریور-266,شهریور,267,266,قالب پخت کلاچ,قالب تعمیری,,صفحه 8 (4 سانتی جدید),دورتراشی,,7102,Top plate,,1405/06/16,3.5,,,,,Repair mold record with blank MoldCode; automatic MoldCode assignment prohibited,OPEN,,,NO_HISTORICAL_MATCH,,MANUAL_REVIEW
MMCR-1405-0421,1405-شهریور-300,شهریور,301,300,قالب پخت کلاچ,قالب تعمیری,,صفحه 6 (4 سانتی جدید),سنگ زنی,,7502,Top plate,,1405/06/16,8,OK,,,,Repair mold record with blank MoldCode; automatic MoldCode assignment prohibited,OPEN,,,NO_HISTORICAL_MATCH,,MANUAL_REVIEW
MMCR-1405-0422,1405-شهریور-302,شهریور,303,302,قالب پخت کلاچ,قالب تعمیری,,صفحه 8 (4 سانتی جدید),دورتراشی,,7102,Top plate,,1405/06/17,7.5,OK,,,,Repair mold record with blank MoldCode; automatic MoldCode assignment prohibited,OPEN,,,NO_HISTORICAL_MATCH,,MANUAL_REVIEW
MMCR-1405-0423,1405-شهریور-367,شهریور,368,367,قالب پیلسان,قالب تعمیری,,اصلاح صفحه زیر,تراشکاری,,7202,bottom plate,,1405/06/21,6.5,OK,,,,Repair mold record with blank MoldCode; automatic MoldCode assignment prohibited,OPEN,,,NO_HISTORICAL_MATCH,,MANUAL_REVIEW
MMCR-1405-0424,1405-شهریور-368,شهریور,369,368,قالب عقب دیما,قالب تعمیری,,اصلاح صفحه زیر,تراشکاری,,7202,bottom plate,,1405/06/21,4.5,OK,,,,Repair mold record with blank MoldCode; automatic MoldCode assignment prohibited,OPEN,,,NO_HISTORICAL_MATCH,,MANUAL_REVIEW
MMCR-1405-0425,1405-شهریور-391,شهریور,392,391,قالب آرایشی SAF,قالب تعمیری,1726,سنگ زنی قالب,سنگ زنی,6003,7501,کوبه,,1405/06/21,1,,,,,Repair mold record with blank MoldCode; automatic MoldCode assignment prohibited,OPEN,,,NO_HISTORICAL_MATCH,,MANUAL_REVIEW
MMCR-1405-0426,1405-شهریور-392,شهریور,393,392,قالب آرایشی SAF,قالب تعمیری,1726,سنگ زنی قالب,سنگ زنی,6003,7501,آرایش,,1405/06/21,1,OK,,,,Repair mold record with blank MoldCode; automatic MoldCode assignment prohibited,OPEN,,,NO_HISTORICAL_MATCH,,MANUAL_REVIEW
MMCR-1405-0427,1405-شهریور-417,شهریور,418,417,قالب توری بادسان,قالب تعمیری,1729,سنگ زنی قالب,سنگ زنی,,7501,MOLD,,1405/06/22,2,OK,,,,Repair mold record with blank MoldCode; automatic MoldCode assignment prohibited,OPEN,,,NO_HISTORICAL_MATCH,,MANUAL_REVIEW
MMCR-1405-0428,1405-شهریور-418,شهریور,419,418,قالب ضایعات کن لنت,قالب تعمیری,17228,تعویض صفحه قالب,سنگ زنی 300*150,,7501,صفحه,,1405/06/22,2,OK,,,,Repair mold record with blank MoldCode; automatic MoldCode assignment prohibited,OPEN,,,NO_HISTORICAL_MATCH,,MANUAL_REVIEW
MMCR-1405-0429,1405-شهریور-419,شهریور,420,419,قالب ضایعات کن لنت,قالب تعمیری,17228,تعویض صفحه قالب,سنگ زنی 400*400,,7502,صفحه,,1405/06/22,6,,,,,Repair mold record with blank MoldCode; automatic MoldCode assignment prohibited,OPEN,,,NO_HISTORICAL_MATCH,,MANUAL_REVIEW
MMCR-1405-0430,1405-شهریور-454,شهریور,455,454,قالب توری پگاسوز,قالب تعمیری,1718,سنگ زدن قالب تعویض صفحات زیر و رو,باز کردن قالب,6003,دمونتاژ,Mold,,1405/06/25,1.5,,,,,Repair mold record with blank MoldCode; automatic MoldCode assignment prohibited,OPEN,,,HISTORICAL_EXACT_NAME_REQUEST,30425,VERIFY_HISTORY_THEN_ASSIGN
